"level","taxon","term","SS","pval","herit","taxonomy"
"Phylum","435c8c86221e4553c04b2298666b0a56","Environment",41069.0466069215,1.57186939509272e-08,0.145371586105168,"d__Archaea; p__Crenarchaeota;NA;NA;NA;NA;NA;NA"
"Phylum","435c8c86221e4553c04b2298666b0a56","Maize Genotype",11454.2795772439,0.549624148132244,0.0405445689005927,"d__Archaea; p__Crenarchaeota;NA;NA;NA;NA;NA;NA"
"Phylum","435c8c86221e4553c04b2298666b0a56","GXE",84362.3865514658,0.0243548336692646,0.298616475273546,"d__Archaea; p__Crenarchaeota;NA;NA;NA;NA;NA;NA"
"Phylum","c99f42810e2c0436c0d362b36a17da0e","Environment",2958717.69449976,1.9749878148999e-26,0.347822803737379,"d__Bacteria; p__Bacteroidota;NA;NA;NA;NA;NA;NA"
"Phylum","c99f42810e2c0436c0d362b36a17da0e","Maize Genotype",491051.647091413,0.0279840646851513,0.057727359723676,"d__Bacteria; p__Bacteroidota;NA;NA;NA;NA;NA;NA"
"Phylum","c99f42810e2c0436c0d362b36a17da0e","GXE",1777776.92947202,0.0572792023453583,0.20899302328779,"d__Bacteria; p__Bacteroidota;NA;NA;NA;NA;NA;NA"
"Phylum","4bc4cff97301f281c2b1b927b8b70006","Environment",1979522.52294879,1.82294373089869e-32,0.410347913907656,"d__Bacteria; p__Chloroflexi;NA;NA;NA;NA;NA;NA"
"Phylum","4bc4cff97301f281c2b1b927b8b70006","Maize Genotype",225935.469817866,0.0665648178352686,0.0468356119431262,"d__Bacteria; p__Chloroflexi;NA;NA;NA;NA;NA;NA"
"Phylum","4bc4cff97301f281c2b1b927b8b70006","GXE",916686.166213536,0.061892452753409,0.19002575199467,"d__Bacteria; p__Chloroflexi;NA;NA;NA;NA;NA;NA"
"Phylum","7a11ad49b2fa58c14045d6370673dca7","Environment",31951.0652501074,1.59101220870599e-06,0.130863751421059,"d__Bacteria; p__Armatimonadota;NA;NA;NA;NA;NA;NA"
"Phylum","7a11ad49b2fa58c14045d6370673dca7","Maize Genotype",15106.8232259854,0.227652311205475,0.0618738544061717,"d__Bacteria; p__Armatimonadota;NA;NA;NA;NA;NA;NA"
"Phylum","7a11ad49b2fa58c14045d6370673dca7","GXE",53370.2685421655,0.728950869647848,0.218591571238885,"d__Bacteria; p__Armatimonadota;NA;NA;NA;NA;NA;NA"
"Phylum","e187c1063a3049c7a196a619b0d1ae11","Environment",172680.21870926,2.86455253109081e-05,0.0931216859350888,"d__Bacteria; p__Firmicutes;NA;NA;NA;NA;NA;NA"
"Phylum","e187c1063a3049c7a196a619b0d1ae11","Maize Genotype",77100.0391588651,0.492665224607452,0.0415779276039907,"d__Bacteria; p__Firmicutes;NA;NA;NA;NA;NA;NA"
"Phylum","e187c1063a3049c7a196a619b0d1ae11","GXE",671467.927602267,0.000525647669002542,0.362104159567585,"d__Bacteria; p__Firmicutes;NA;NA;NA;NA;NA;NA"
"Phylum","e181d2f09d15a0b2dc7b8f7a49910c41","Environment",540888.760915687,1.77578196637226e-07,0.142054370288939,"d__Bacteria; p__Actinobacteriota;NA;NA;NA;NA;NA;NA"
"Phylum","e181d2f09d15a0b2dc7b8f7a49910c41","Maize Genotype",169409.779854041,0.552161150821892,0.0444923269568637,"d__Bacteria; p__Actinobacteriota;NA;NA;NA;NA;NA;NA"
"Phylum","e181d2f09d15a0b2dc7b8f7a49910c41","GXE",938717.77604524,0.385869834826777,0.246536759849455,"d__Bacteria; p__Actinobacteriota;NA;NA;NA;NA;NA;NA"
"Phylum","4536723d6aabc9847619ea88d7639aa8","Environment",1835214.89548352,2.84307629722376e-35,0.440725139894327,"d__Bacteria; p__Acidobacteriota;NA;NA;NA;NA;NA;NA"
"Phylum","4536723d6aabc9847619ea88d7639aa8","Maize Genotype",172173.724340404,0.113008233482995,0.041347358793129,"d__Bacteria; p__Acidobacteriota;NA;NA;NA;NA;NA;NA"
"Phylum","4536723d6aabc9847619ea88d7639aa8","GXE",740140.960440738,0.0869871327252743,0.177744159081611,"d__Bacteria; p__Acidobacteriota;NA;NA;NA;NA;NA;NA"
"Phylum","27a8cd62afa5bd4decc84b6b98b0e04b","Environment",86477.3070235801,2.55965524326423e-08,0.137578762450304,"d__Bacteria; p__Verrucomicrobiota;NA;NA;NA;NA;NA;NA"
"Phylum","27a8cd62afa5bd4decc84b6b98b0e04b","Maize Genotype",43758.3830206199,0.0476237542197237,0.0696162310091561,"d__Bacteria; p__Verrucomicrobiota;NA;NA;NA;NA;NA;NA"
"Phylum","27a8cd62afa5bd4decc84b6b98b0e04b","GXE",184635.519944166,0.0194240808917743,0.293740950228252,"d__Bacteria; p__Verrucomicrobiota;NA;NA;NA;NA;NA;NA"
"Phylum","f1964556453eade23bc0429e3633329c","Environment",705584.841821275,1.18464610839657e-21,0.311549128842802,"d__Bacteria; p__Planctomycetota;NA;NA;NA;NA;NA;NA"
"Phylum","f1964556453eade23bc0429e3633329c","Maize Genotype",140266.413253641,0.0409148155741397,0.0619342653992921,"d__Bacteria; p__Planctomycetota;NA;NA;NA;NA;NA;NA"
"Phylum","f1964556453eade23bc0429e3633329c","GXE",434412.235403614,0.35418960251062,0.191813578575901,"d__Bacteria; p__Planctomycetota;NA;NA;NA;NA;NA;NA"
"Phylum","d89f6cfb141fb171a96d71b914757ad9","Environment",246714.852737802,1.36891512789552e-19,0.323624236472648,"d__Bacteria; p__Deinococcota;NA;NA;NA;NA;NA;NA"
"Phylum","d89f6cfb141fb171a96d71b914757ad9","Maize Genotype",21217.1588833041,0.863988670598852,0.0278312666121705,"d__Bacteria; p__Deinococcota;NA;NA;NA;NA;NA;NA"
"Phylum","d89f6cfb141fb171a96d71b914757ad9","GXE",109905.835939309,0.980011254271959,0.144167211033489,"d__Bacteria; p__Deinococcota;NA;NA;NA;NA;NA;NA"
"Phylum","cb67a4fe82a4e376010ebbde029c0cb8","Environment",6526371.92666744,3.92066162118258e-27,0.358837177615671,"d__Bacteria; p__Proteobacteria;NA;NA;NA;NA;NA;NA"
"Phylum","cb67a4fe82a4e376010ebbde029c0cb8","Maize Genotype",932688.111218903,0.065558634541097,0.0512816574332719,"d__Bacteria; p__Proteobacteria;NA;NA;NA;NA;NA;NA"
"Phylum","cb67a4fe82a4e376010ebbde029c0cb8","GXE",3719452.41285297,0.0733872407516977,0.204505324106694,"d__Bacteria; p__Proteobacteria;NA;NA;NA;NA;NA;NA"
"Phylum","10c06dd3fbac9571ab7420789032d1b2","Environment",35454.3003039854,1.08008433782522e-06,0.113230364967854,"d__Bacteria; p__Myxococcota;NA;NA;NA;NA;NA;NA"
"Phylum","10c06dd3fbac9571ab7420789032d1b2","Maize Genotype",19309.5438937482,0.101952350556999,0.0616688718633698,"d__Bacteria; p__Myxococcota;NA;NA;NA;NA;NA;NA"
"Phylum","10c06dd3fbac9571ab7420789032d1b2","GXE",102366.244937495,0.00327801286391169,0.326926978540834,"d__Bacteria; p__Myxococcota;NA;NA;NA;NA;NA;NA"
"Phylum","2f1f989579cf46444f1ee6a3762d813d","Environment",5794.23400909496,0.0212246509519847,0.0622289884432171,"d__Bacteria; p__Bdellovibrionota;NA;NA;NA;NA;NA;NA"
"Phylum","2f1f989579cf46444f1ee6a3762d813d","Maize Genotype",4969.30628900126,0.49185160470315,0.0533694191749371,"d__Bacteria; p__Bdellovibrionota;NA;NA;NA;NA;NA;NA"
"Phylum","2f1f989579cf46444f1ee6a3762d813d","GXE",22248.9219778123,0.734588106600396,0.238949256529524,"d__Bacteria; p__Bdellovibrionota;NA;NA;NA;NA;NA;NA"
"Class","435c8c86221e4553c04b2298666b0a56","Environment",40048.3545291414,5.41239262915578e-10,0.160334053722512,"d__Archaea; p__Crenarchaeota; c__Nitrososphaeria;NA;NA;NA;NA;NA"
"Class","435c8c86221e4553c04b2298666b0a56","Maize Genotype",9269.71458801297,0.595508151902982,0.0371114102994006,"d__Archaea; p__Crenarchaeota; c__Nitrososphaeria;NA;NA;NA;NA;NA"
"Class","435c8c86221e4553c04b2298666b0a56","GXE",77703.7007750572,0.00618774239468904,0.311087670916429,"d__Archaea; p__Crenarchaeota; c__Nitrososphaeria;NA;NA;NA;NA;NA"
"Class","c99f42810e2c0436c0d362b36a17da0e","Environment",3058255.63984519,1.40721334575736e-27,0.357694780388024,"d__Bacteria; p__Bacteroidota; c__Bacteroidia;NA;NA;NA;NA;NA"
"Class","c99f42810e2c0436c0d362b36a17da0e","Maize Genotype",526879.200228421,0.0132087518969283,0.0616239981253704,"d__Bacteria; p__Bacteroidota; c__Bacteroidia;NA;NA;NA;NA;NA"
"Class","c99f42810e2c0436c0d362b36a17da0e","GXE",1744108.8882285,0.058108697050271,0.203991660350302,"d__Bacteria; p__Bacteroidota; c__Bacteroidia;NA;NA;NA;NA;NA"
"Class","7f81e29dba5ae36113a4968e9628cd99","Environment",61090.1463878481,1.58760725901243e-06,0.129151628196648,"d__Bacteria; p__Chloroflexi; c__Chloroflexia;NA;NA;NA;NA;NA"
"Class","7f81e29dba5ae36113a4968e9628cd99","Maize Genotype",24381.676409603,0.40941176544292,0.0515456811393468,"d__Bacteria; p__Chloroflexi; c__Chloroflexia;NA;NA;NA;NA;NA"
"Class","7f81e29dba5ae36113a4968e9628cd99","GXE",112768.51269212,0.516751641101317,0.238405665801428,"d__Bacteria; p__Chloroflexi; c__Chloroflexia;NA;NA;NA;NA;NA"
"Class","4bc4cff97301f281c2b1b927b8b70006","Environment",882389.056145501,4.98989051935135e-28,0.359151140683749,"d__Bacteria; p__Chloroflexi; c__Anaerolineae;NA;NA;NA;NA;NA"
"Class","4bc4cff97301f281c2b1b927b8b70006","Maize Genotype",129813.379370571,0.0409324934217992,0.0528368104208049,"d__Bacteria; p__Chloroflexi; c__Anaerolineae;NA;NA;NA;NA;NA"
"Class","4bc4cff97301f281c2b1b927b8b70006","GXE",533485.933706202,0.0209602708404881,0.217140138235943,"d__Bacteria; p__Chloroflexi; c__Anaerolineae;NA;NA;NA;NA;NA"
"Class","7a11ad49b2fa58c14045d6370673dca7","Environment",22834.3245478194,1.94235271285727e-06,0.140961016038265,"d__Bacteria; p__Armatimonadota; c__Armatimonadia;NA;NA;NA;NA;NA"
"Class","7a11ad49b2fa58c14045d6370673dca7","Maize Genotype",5535.96821858374,0.882956474753502,0.0341746787041103,"d__Bacteria; p__Armatimonadota; c__Armatimonadia;NA;NA;NA;NA;NA"
"Class","7a11ad49b2fa58c14045d6370673dca7","GXE",29702.6222385255,0.980014029814092,0.183360440593508,"d__Bacteria; p__Armatimonadota; c__Armatimonadia;NA;NA;NA;NA;NA"
"Class","e187c1063a3049c7a196a619b0d1ae11","Environment",173150.981671941,2.68361017407097e-06,0.105217032293778,"d__Bacteria; p__Firmicutes; c__Bacilli;NA;NA;NA;NA;NA"
"Class","e187c1063a3049c7a196a619b0d1ae11","Maize Genotype",67649.6100084436,0.470298899862002,0.0411080037328678,"d__Bacteria; p__Firmicutes; c__Bacilli;NA;NA;NA;NA;NA"
"Class","e187c1063a3049c7a196a619b0d1ae11","GXE",601647.022997219,0.000215406664400739,0.365597200991277,"d__Bacteria; p__Firmicutes; c__Bacilli;NA;NA;NA;NA;NA"
"Class","e181d2f09d15a0b2dc7b8f7a49910c41","Environment",427717.471747315,1.45997947573603e-07,0.140617741342086,"d__Bacteria; p__Actinobacteriota; c__Actinobacteria;NA;NA;NA;NA;NA"
"Class","e181d2f09d15a0b2dc7b8f7a49910c41","Maize Genotype",182706.271906588,0.201771708892446,0.0600670886311502,"d__Bacteria; p__Actinobacteriota; c__Actinobacteria;NA;NA;NA;NA;NA"
"Class","e181d2f09d15a0b2dc7b8f7a49910c41","GXE",741394.598218763,0.3665863652896,0.243743220072002,"d__Bacteria; p__Actinobacteriota; c__Actinobacteria;NA;NA;NA;NA;NA"
"Class","af9694f066bd591c47938f3ce72d2fa8","Environment",67534.9543887729,4.15563953347728e-08,0.15176422157137,"d__Bacteria; p__Actinobacteriota; c__Thermoleophilia;NA;NA;NA;NA;NA"
"Class","af9694f066bd591c47938f3ce72d2fa8","Maize Genotype",21803.0344347571,0.432833832111895,0.0489956731122747,"d__Bacteria; p__Actinobacteriota; c__Thermoleophilia;NA;NA;NA;NA;NA"
"Class","af9694f066bd591c47938f3ce72d2fa8","GXE",104955.003230501,0.471476315783689,0.235854373627083,"d__Bacteria; p__Actinobacteriota; c__Thermoleophilia;NA;NA;NA;NA;NA"
"Class","3da6b505c331a487aa89f1cec4497f43","Environment",9093.00868722926,0.00207483897673768,0.0667829869774231,"d__Bacteria; p__Acidobacteriota; c__Acidobacteriae;NA;NA;NA;NA;NA"
"Class","3da6b505c331a487aa89f1cec4497f43","Maize Genotype",5087.84320098277,0.64558400017112,0.0373673200941303,"d__Bacteria; p__Acidobacteriota; c__Acidobacteriae;NA;NA;NA;NA;NA"
"Class","3da6b505c331a487aa89f1cec4497f43","GXE",51393.1034697106,0.000407175503031943,0.377453170650479,"d__Bacteria; p__Acidobacteriota; c__Acidobacteriae;NA;NA;NA;NA;NA"
"Class","f4be9005bb8b661116ccd38be319690c","Environment",17456.2408201855,7.52399678220579e-09,0.141597591227259,"d__Bacteria; p__Actinobacteriota; c__Acidimicrobiia;NA;NA;NA;NA;NA"
"Class","f4be9005bb8b661116ccd38be319690c","Maize Genotype",7909.52669167403,0.06860003131971,0.0641587119944908,"d__Bacteria; p__Actinobacteriota; c__Acidimicrobiia;NA;NA;NA;NA;NA"
"Class","f4be9005bb8b661116ccd38be319690c","GXE",38057.4841345969,0.00573545506217558,0.308706103286406,"d__Bacteria; p__Actinobacteriota; c__Acidimicrobiia;NA;NA;NA;NA;NA"
"Class","4536723d6aabc9847619ea88d7639aa8","Environment",1157899.72634564,6.08080751270895e-34,0.434814066331636,"d__Bacteria; p__Acidobacteriota; c__Vicinamibacteria;NA;NA;NA;NA;NA"
"Class","4536723d6aabc9847619ea88d7639aa8","Maize Genotype",99714.2260373934,0.218991168607198,0.0374446483645584,"d__Bacteria; p__Acidobacteriota; c__Vicinamibacteria;NA;NA;NA;NA;NA"
"Class","4536723d6aabc9847619ea88d7639aa8","GXE",465417.123973521,0.14826509417142,0.174773261976653,"d__Bacteria; p__Acidobacteriota; c__Vicinamibacteria;NA;NA;NA;NA;NA"
"Class","27a8cd62afa5bd4decc84b6b98b0e04b","Environment",86834.0995974237,1.84121523422395e-08,0.13880881057426,"d__Bacteria; p__Verrucomicrobiota; c__Verrucomicrobiae;NA;NA;NA;NA;NA"
"Class","27a8cd62afa5bd4decc84b6b98b0e04b","Maize Genotype",43063.3687358382,0.0492228348416407,0.0688390277696828,"d__Bacteria; p__Verrucomicrobiota; c__Verrucomicrobiae;NA;NA;NA;NA;NA"
"Class","27a8cd62afa5bd4decc84b6b98b0e04b","GXE",185502.031149471,0.0153362837061784,0.296534615114859,"d__Bacteria; p__Verrucomicrobiota; c__Verrucomicrobiae;NA;NA;NA;NA;NA"
"Class","f1964556453eade23bc0429e3633329c","Environment",449652.643605854,3.14277960469483e-19,0.298136755533388,"d__Bacteria; p__Planctomycetota; c__Planctomycetes;NA;NA;NA;NA;NA"
"Class","f1964556453eade23bc0429e3633329c","Maize Genotype",77577.7794349228,0.198776310759932,0.0514370098588508,"d__Bacteria; p__Planctomycetota; c__Planctomycetes;NA;NA;NA;NA;NA"
"Class","f1964556453eade23bc0429e3633329c","GXE",265873.767735605,0.726605655681919,0.176284391121278,"d__Bacteria; p__Planctomycetota; c__Planctomycetes;NA;NA;NA;NA;NA"
"Class","0e0512c786be54fc95d590947866056e","Environment",23188.2355409019,1.2680454404447e-05,0.100439842388985,"d__Bacteria; p__Planctomycetota; c__Phycisphaerae;NA;NA;NA;NA;NA"
"Class","0e0512c786be54fc95d590947866056e","Maize Genotype",15474.763667305,0.0742004161316474,0.0670289389207424,"d__Bacteria; p__Planctomycetota; c__Phycisphaerae;NA;NA;NA;NA;NA"
"Class","0e0512c786be54fc95d590947866056e","GXE",73640.6007125734,0.00847957166311893,0.318974262442452,"d__Bacteria; p__Planctomycetota; c__Phycisphaerae;NA;NA;NA;NA;NA"
"Class","32b9305e737a714e7dae803040462d8a","Environment",28820.7944993052,2.29381418369841e-05,0.117939034540404,"d__Bacteria; p__Acidobacteriota; c__Blastocatellia;NA;NA;NA;NA;NA"
"Class","32b9305e737a714e7dae803040462d8a","Maize Genotype",14134.4565737207,0.365843963231663,0.05784032643854,"d__Bacteria; p__Acidobacteriota; c__Blastocatellia;NA;NA;NA;NA;NA"
"Class","32b9305e737a714e7dae803040462d8a","GXE",48056.0327268916,0.93983625654405,0.196652528221882,"d__Bacteria; p__Acidobacteriota; c__Blastocatellia;NA;NA;NA;NA;NA"
"Class","d89f6cfb141fb171a96d71b914757ad9","Environment",246714.852737802,1.36891512789552e-19,0.323624236472648,"d__Bacteria; p__Deinococcota; c__Deinococci;NA;NA;NA;NA;NA"
"Class","d89f6cfb141fb171a96d71b914757ad9","Maize Genotype",21217.1588833041,0.863988670598852,0.0278312666121705,"d__Bacteria; p__Deinococcota; c__Deinococci;NA;NA;NA;NA;NA"
"Class","d89f6cfb141fb171a96d71b914757ad9","GXE",109905.835939309,0.980011254271959,0.144167211033489,"d__Bacteria; p__Deinococcota; c__Deinococci;NA;NA;NA;NA;NA"
"Class","cb67a4fe82a4e376010ebbde029c0cb8","Environment",4451276.64141876,3.31750475259147e-19,0.276332696987193,"d__Bacteria; p__Proteobacteria; c__Gammaproteobacteria;NA;NA;NA;NA;NA"
"Class","cb67a4fe82a4e376010ebbde029c0cb8","Maize Genotype",932363.815537023,0.0706532755954732,0.0578806100980722,"d__Bacteria; p__Proteobacteria; c__Gammaproteobacteria;NA;NA;NA;NA;NA"
"Class","cb67a4fe82a4e376010ebbde029c0cb8","GXE",3636278.40771215,0.105387019719942,0.225738074791758,"d__Bacteria; p__Proteobacteria; c__Gammaproteobacteria;NA;NA;NA;NA;NA"
"Class","10c06dd3fbac9571ab7420789032d1b2","Environment",28201.4132153519,6.54422227928163e-06,0.101386230163153,"d__Bacteria; p__Myxococcota; c__Polyangia;NA;NA;NA;NA;NA"
"Class","10c06dd3fbac9571ab7420789032d1b2","Maize Genotype",19656.7403949929,0.041369021057392,0.0706674800559006,"d__Bacteria; p__Myxococcota; c__Polyangia;NA;NA;NA;NA;NA"
"Class","10c06dd3fbac9571ab7420789032d1b2","GXE",92124.8482561483,0.00244551572692856,0.331195851701463,"d__Bacteria; p__Myxococcota; c__Polyangia;NA;NA;NA;NA;NA"
"Class","bf6135823365c9b9db52706e2a2e0efc","Environment",524631.650698813,2.81714101635919e-05,0.0987349350638176,"d__Bacteria; p__Proteobacteria; c__Alphaproteobacteria;NA;NA;NA;NA;NA"
"Class","bf6135823365c9b9db52706e2a2e0efc","Maize Genotype",277532.786343472,0.298060242397382,0.0522312780809225,"d__Bacteria; p__Proteobacteria; c__Alphaproteobacteria;NA;NA;NA;NA;NA"
"Class","bf6135823365c9b9db52706e2a2e0efc","GXE",1679749.77853824,0.01732006047469,0.316126533895776,"d__Bacteria; p__Proteobacteria; c__Alphaproteobacteria;NA;NA;NA;NA;NA"
"Order","435c8c86221e4553c04b2298666b0a56","Environment",31409.3024058484,4.55075764825884e-09,0.14565356957014,"d__Archaea; p__Crenarchaeota; c__Nitrososphaeria; o__Nitrososphaerales;NA;NA;NA;NA"
"Order","435c8c86221e4553c04b2298666b0a56","Maize Genotype",7924.87289306993,0.59947153922003,0.0367498141267332,"d__Archaea; p__Crenarchaeota; c__Nitrososphaeria; o__Nitrososphaerales;NA;NA;NA;NA"
"Order","435c8c86221e4553c04b2298666b0a56","GXE",70982.7703858005,0.00199449834514692,0.329166619209741,"d__Archaea; p__Crenarchaeota; c__Nitrososphaeria; o__Nitrososphaerales;NA;NA;NA;NA"
"Order","d64ed148e8c9945d479ec92055719bf8","Environment",56323.0975300335,5.25548556730868e-07,0.134468680945685,"d__Bacteria; p__Bacteroidota; c__Bacteroidia; o__Chitinophagales;NA;NA;NA;NA"
"Order","d64ed148e8c9945d479ec92055719bf8","Maize Genotype",34706.0414258712,0.0345015724685924,0.0828590012986176,"d__Bacteria; p__Bacteroidota; c__Bacteroidia; o__Chitinophagales;NA;NA;NA;NA"
"Order","d64ed148e8c9945d479ec92055719bf8","GXE",89747.025784386,0.700138415554316,0.214266698836825,"d__Bacteria; p__Bacteroidota; c__Bacteroidia; o__Chitinophagales;NA;NA;NA;NA"
"Order","c99f42810e2c0436c0d362b36a17da0e","Environment",288171.074465721,8.74286255435343e-09,0.147565560973156,"d__Bacteria; p__Bacteroidota; c__Bacteroidia; o__Sphingobacteriales;NA;NA;NA;NA"
"Order","c99f42810e2c0436c0d362b36a17da0e","Maize Genotype",112615.351702802,0.163252871378531,0.0576676461335472,"d__Bacteria; p__Bacteroidota; c__Bacteroidia; o__Sphingobacteriales;NA;NA;NA;NA"
"Order","c99f42810e2c0436c0d362b36a17da0e","GXE",557220.331458853,0.0383017071951541,0.285339293507596,"d__Bacteria; p__Bacteroidota; c__Bacteroidia; o__Sphingobacteriales;NA;NA;NA;NA"
"Order","bfe6c8ad656846b14adf47f293fc2368","Environment",214066.293268039,3.78044572449459e-10,0.182571153955787,"d__Bacteria; p__Bacteroidota; c__Bacteroidia; o__Flavobacteriales;NA;NA;NA;NA"
"Order","bfe6c8ad656846b14adf47f293fc2368","Maize Genotype",79793.0694604737,0.103916616738754,0.068053277079134,"d__Bacteria; p__Bacteroidota; c__Bacteroidia; o__Flavobacteriales;NA;NA;NA;NA"
"Order","bfe6c8ad656846b14adf47f293fc2368","GXE",231903.790919017,0.789898689366602,0.197784256775973,"d__Bacteria; p__Bacteroidota; c__Bacteroidia; o__Flavobacteriales;NA;NA;NA;NA"
"Order","cdb523cfe6de0da595dd1abd4ea64112","Environment",824708.05761773,8.58566561779557e-20,0.308765833267788,"d__Bacteria; p__Bacteroidota; c__Bacteroidia; o__Cytophagales;NA;NA;NA;NA"
"Order","cdb523cfe6de0da595dd1abd4ea64112","Maize Genotype",107996.805546976,0.45996635950997,0.0404333671133207,"d__Bacteria; p__Bacteroidota; c__Bacteroidia; o__Cytophagales;NA;NA;NA;NA"
"Order","cdb523cfe6de0da595dd1abd4ea64112","GXE",467297.689353946,0.747115517719522,0.174953499125824,"d__Bacteria; p__Bacteroidota; c__Bacteroidia; o__Cytophagales;NA;NA;NA;NA"
"Order","728c0504fa69b9ec825ba5410fa20acc","Environment",49612.0328674198,5.55353437761129e-10,0.169169598941232,"d__Bacteria; p__Chloroflexi; c__Chloroflexia; o__Chloroflexales;NA;NA;NA;NA"
"Order","728c0504fa69b9ec825ba5410fa20acc","Maize Genotype",16115.1339148802,0.2209794454328,0.0549501921953053,"d__Bacteria; p__Chloroflexi; c__Chloroflexia; o__Chloroflexales;NA;NA;NA;NA"
"Order","728c0504fa69b9ec825ba5410fa20acc","GXE",75307.6830304114,0.149546106483273,0.256787916139076,"d__Bacteria; p__Chloroflexi; c__Chloroflexia; o__Chloroflexales;NA;NA;NA;NA"
"Order","4bc4cff97301f281c2b1b927b8b70006","Environment",557137.545160375,3.76947576775322e-23,0.296484457703099,"d__Bacteria; p__Chloroflexi; c__Anaerolineae; o__Anaerolineales;NA;NA;NA;NA"
"Order","4bc4cff97301f281c2b1b927b8b70006","Maize Genotype",109489.44226662,0.0249533657976844,0.0582655363951268,"d__Bacteria; p__Chloroflexi; c__Anaerolineae; o__Anaerolineales;NA;NA;NA;NA"
"Order","4bc4cff97301f281c2b1b927b8b70006","GXE",491816.555144145,0.00156497634632976,0.261723457533891,"d__Bacteria; p__Chloroflexi; c__Anaerolineae; o__Anaerolineales;NA;NA;NA;NA"
"Order","7a11ad49b2fa58c14045d6370673dca7","Environment",22834.3245478194,1.94235271285727e-06,0.140961016038265,"d__Bacteria; p__Armatimonadota; c__Armatimonadia; o__Armatimonadales;NA;NA;NA;NA"
"Order","7a11ad49b2fa58c14045d6370673dca7","Maize Genotype",5535.96821858374,0.882956474753502,0.0341746787041103,"d__Bacteria; p__Armatimonadota; c__Armatimonadia; o__Armatimonadales;NA;NA;NA;NA"
"Order","7a11ad49b2fa58c14045d6370673dca7","GXE",29702.6222385255,0.980014029814092,0.183360440593508,"d__Bacteria; p__Armatimonadota; c__Armatimonadia; o__Armatimonadales;NA;NA;NA;NA"
"Order","e187c1063a3049c7a196a619b0d1ae11","Environment",70020.5944648966,3.3790334041194e-06,0.0895788423905396,"d__Bacteria; p__Firmicutes; c__Bacilli; o__Lactobacillales;NA;NA;NA;NA"
"Order","e187c1063a3049c7a196a619b0d1ae11","Maize Genotype",36005.9532358561,0.192022911238029,0.0460631851912206,"d__Bacteria; p__Firmicutes; c__Bacilli; o__Lactobacillales;NA;NA;NA;NA"
"Order","e187c1063a3049c7a196a619b0d1ae11","GXE",346297.217232128,1.02556965907484e-08,0.443025428158439,"d__Bacteria; p__Firmicutes; c__Bacilli; o__Lactobacillales;NA;NA;NA;NA"
"Order","1a279f338006edc91c0370edcf81ba8f","Environment",62337.2978549153,3.17100623496725e-05,0.113476973162219,"d__Bacteria; p__Firmicutes; c__Bacilli; o__Paenibacillales;NA;NA;NA;NA"
"Order","1a279f338006edc91c0370edcf81ba8f","Maize Genotype",21640.9832883109,0.761677172894455,0.0393946058670565,"d__Bacteria; p__Firmicutes; c__Bacilli; o__Paenibacillales;NA;NA;NA;NA"
"Order","1a279f338006edc91c0370edcf81ba8f","GXE",126104.131420243,0.727055214469367,0.229556230847942,"d__Bacteria; p__Firmicutes; c__Bacilli; o__Paenibacillales;NA;NA;NA;NA"
"Order","fffc4a853a8b35f441611bf01888a0a4","Environment",28065.9106918102,0.109340879944221,0.0481343727539519,"d__Bacteria; p__Actinobacteriota; c__Actinobacteria; o__Corynebacteriales;NA;NA;NA;NA"
"Order","fffc4a853a8b35f441611bf01888a0a4","Maize Genotype",32916.9575642922,0.480660484879188,0.0564541490466583,"d__Bacteria; p__Actinobacteriota; c__Actinobacteria; o__Corynebacteriales;NA;NA;NA;NA"
"Order","fffc4a853a8b35f441611bf01888a0a4","GXE",127788.279008017,0.914374750179982,0.219162981130443,"d__Bacteria; p__Actinobacteriota; c__Actinobacteria; o__Corynebacteriales;NA;NA;NA;NA"
"Order","9b4263734f4f7681592cc642965cd353","Environment",18426.8393218818,0.000115034313302211,0.0959678523398343,"d__Bacteria; p__Actinobacteriota; c__Actinobacteria; o__Micromonosporales;NA;NA;NA;NA"
"Order","9b4263734f4f7681592cc642965cd353","Maize Genotype",12343.9971937324,0.172518399019821,0.06428812230238,"d__Bacteria; p__Actinobacteriota; c__Actinobacteria; o__Micromonosporales;NA;NA;NA;NA"
"Order","9b4263734f4f7681592cc642965cd353","GXE",50925.4422841164,0.262583056455151,0.265222116505857,"d__Bacteria; p__Actinobacteriota; c__Actinobacteria; o__Micromonosporales;NA;NA;NA;NA"
"Order","63d51aa1d93f2025bddba2dd7b54655d","Environment",14405.3431539638,0.0225703721782176,0.0587906304939989,"d__Bacteria; p__Actinobacteriota; c__Actinobacteria; o__Micrococcales;NA;NA;NA;NA"
"Order","63d51aa1d93f2025bddba2dd7b54655d","Maize Genotype",12232.7825149559,0.51423976641957,0.0499240447841976,"d__Bacteria; p__Actinobacteriota; c__Actinobacteria; o__Micrococcales;NA;NA;NA;NA"
"Order","63d51aa1d93f2025bddba2dd7b54655d","GXE",67572.3296186717,0.321965558383412,0.275774052708831,"d__Bacteria; p__Actinobacteriota; c__Actinobacteria; o__Micrococcales;NA;NA;NA;NA"
"Order","09c1e40bfe705a6ca7fd2f3236fd4547","Environment",56668.7349697894,6.921572101497e-08,0.155448825575605,"d__Bacteria; p__Actinobacteriota; c__Actinobacteria; o__Kineosporiales;NA;NA;NA;NA"
"Order","09c1e40bfe705a6ca7fd2f3236fd4547","Maize Genotype",11717.8483844246,0.872587275404379,0.0321433991883333,"d__Bacteria; p__Actinobacteriota; c__Actinobacteria; o__Kineosporiales;NA;NA;NA;NA"
"Order","09c1e40bfe705a6ca7fd2f3236fd4547","GXE",80498.0889972348,0.71921296759539,0.220815470865401,"d__Bacteria; p__Actinobacteriota; c__Actinobacteria; o__Kineosporiales;NA;NA;NA;NA"
"Order","a28647f76428da0a139fb8d176615426","Environment",51009.8028976447,1.63350572745639e-06,0.131403668504386,"d__Bacteria; p__Actinobacteriota; c__Actinobacteria; o__Frankiales;NA;NA;NA;NA"
"Order","a28647f76428da0a139fb8d176615426","Maize Genotype",39061.3016747094,0.00923597026180795,0.100623763375693,"d__Bacteria; p__Actinobacteriota; c__Actinobacteria; o__Frankiales;NA;NA;NA;NA"
"Order","a28647f76428da0a139fb8d176615426","GXE",68309.8405653138,0.967244147635163,0.175969385007101,"d__Bacteria; p__Actinobacteriota; c__Actinobacteria; o__Frankiales;NA;NA;NA;NA"
"Order","4e4367ebe2aacbfe855c2750ab433752","Environment",28058.338702222,0.000154850830998596,0.0943965705667596,"d__Bacteria; p__Actinobacteriota; c__Actinobacteria; o__Propionibacteriales;NA;NA;NA;NA"
"Order","4e4367ebe2aacbfe855c2750ab433752","Maize Genotype",22111.8146910193,0.0814009707992946,0.0743907006751834,"d__Bacteria; p__Actinobacteriota; c__Actinobacteria; o__Propionibacteriales;NA;NA;NA;NA"
"Order","4e4367ebe2aacbfe855c2750ab433752","GXE",75108.0880929975,0.376292724115273,0.252685877558515,"d__Bacteria; p__Actinobacteriota; c__Actinobacteria; o__Propionibacteriales;NA;NA;NA;NA"
"Order","af9694f066bd591c47938f3ce72d2fa8","Environment",33012.3503007663,1.32167323032355e-07,0.158974397341291,"d__Bacteria; p__Actinobacteriota; c__Thermoleophilia; o__Solirubrobacterales;NA;NA;NA;NA"
"Order","af9694f066bd591c47938f3ce72d2fa8","Maize Genotype",6476.08677640302,0.912687271586968,0.0311862676552501,"d__Bacteria; p__Actinobacteriota; c__Thermoleophilia; o__Solirubrobacterales;NA;NA;NA;NA"
"Order","af9694f066bd591c47938f3ce72d2fa8","GXE",38399.8440989914,0.968997544949779,0.184918432587182,"d__Bacteria; p__Actinobacteriota; c__Thermoleophilia; o__Solirubrobacterales;NA;NA;NA;NA"
"Order","df81e749e256289baf7453698147d709","Environment",37379.6039151143,2.47768133897559e-09,0.148483104165554,"d__Bacteria; p__Actinobacteriota; c__Thermoleophilia; o__Gaiellales;NA;NA;NA;NA"
"Order","df81e749e256289baf7453698147d709","Maize Genotype",15663.1823295769,0.0825224314109015,0.0622189025514591,"d__Bacteria; p__Actinobacteriota; c__Thermoleophilia; o__Gaiellales;NA;NA;NA;NA"
"Order","df81e749e256289baf7453698147d709","GXE",76616.9273419262,0.00714693871703901,0.304345632692913,"d__Bacteria; p__Actinobacteriota; c__Thermoleophilia; o__Gaiellales;NA;NA;NA;NA"
"Order","4536723d6aabc9847619ea88d7639aa8","Environment",1088135.34579203,3.63844257191583e-33,0.431631185858689,"d__Bacteria; p__Acidobacteriota; c__Vicinamibacteria; o__Vicinamibacterales;NA;NA;NA;NA"
"Order","4536723d6aabc9847619ea88d7639aa8","Maize Genotype",91970.9907899645,0.266364127671763,0.0364821784098706,"d__Bacteria; p__Acidobacteriota; c__Vicinamibacteria; o__Vicinamibacterales;NA;NA;NA;NA"
"Order","4536723d6aabc9847619ea88d7639aa8","GXE",430659.671462853,0.218162564071808,0.170829984903875,"d__Bacteria; p__Acidobacteriota; c__Vicinamibacteria; o__Vicinamibacterales;NA;NA;NA;NA"
"Order","27a8cd62afa5bd4decc84b6b98b0e04b","Environment",50092.2173112779,1.75892759793445e-07,0.122882675001481,"d__Bacteria; p__Verrucomicrobiota; c__Verrucomicrobiae; o__Chthoniobacterales;NA;NA;NA;NA"
"Order","27a8cd62afa5bd4decc84b6b98b0e04b","Maize Genotype",23443.9717061295,0.136488102918315,0.0575110887586847,"d__Bacteria; p__Verrucomicrobiota; c__Verrucomicrobiae; o__Chthoniobacterales;NA;NA;NA;NA"
"Order","27a8cd62afa5bd4decc84b6b98b0e04b","GXE",134294.58064853,0.00210046751487057,0.32944194116514,"d__Bacteria; p__Verrucomicrobiota; c__Verrucomicrobiae; o__Chthoniobacterales;NA;NA;NA;NA"
"Order","f1964556453eade23bc0429e3633329c","Environment",80409.7699803544,1.18145095164028e-09,0.168508770973229,"d__Bacteria; p__Planctomycetota; c__Planctomycetes; o__Gemmatales;NA;NA;NA;NA"
"Order","f1964556453eade23bc0429e3633329c","Maize Genotype",36242.9021225189,0.0410806165277556,0.0759515528356916,"d__Bacteria; p__Planctomycetota; c__Planctomycetes; o__Gemmatales;NA;NA;NA;NA"
"Order","f1964556453eade23bc0429e3633329c","GXE",106009.932906671,0.483118055227104,0.222157127292143,"d__Bacteria; p__Planctomycetota; c__Planctomycetes; o__Gemmatales;NA;NA;NA;NA"
"Order","859dd56b8c9c88aa0b0f1321e2ec759c","Environment",115291.127178881,1.350921389818e-09,0.187006679953385,"d__Bacteria; p__Planctomycetota; c__Planctomycetes; o__Pirellulales;NA;NA;NA;NA"
"Order","859dd56b8c9c88aa0b0f1321e2ec759c","Maize Genotype",20131.3738685403,0.867308752413871,0.0326538692280707,"d__Bacteria; p__Planctomycetota; c__Planctomycetes; o__Pirellulales;NA;NA;NA;NA"
"Order","859dd56b8c9c88aa0b0f1321e2ec759c","GXE",114101.591872255,0.944783091286184,0.185077207548849,"d__Bacteria; p__Planctomycetota; c__Planctomycetes; o__Pirellulales;NA;NA;NA;NA"
"Order","57dcfc27dd1e2a6cb424c5562dc316ab","Environment",11586.8312730489,0.000820406266789765,0.0790788680102532,"d__Bacteria; p__Planctomycetota; c__Phycisphaerae; o__Tepidisphaerales;NA;NA;NA;NA"
"Order","57dcfc27dd1e2a6cb424c5562dc316ab","Maize Genotype",7701.47128670454,0.345087181563768,0.0525617070805768,"d__Bacteria; p__Planctomycetota; c__Phycisphaerae; o__Tepidisphaerales;NA;NA;NA;NA"
"Order","57dcfc27dd1e2a6cb424c5562dc316ab","GXE",45199.1984177033,0.0471508796531265,0.308479631886646,"d__Bacteria; p__Planctomycetota; c__Phycisphaerae; o__Tepidisphaerales;NA;NA;NA;NA"
"Order","d89f6cfb141fb171a96d71b914757ad9","Environment",247041.666858839,1.31105270391372e-19,0.323866297397479,"d__Bacteria; p__Deinococcota; c__Deinococci; o__Deinococcales;NA;NA;NA;NA"
"Order","d89f6cfb141fb171a96d71b914757ad9","Maize Genotype",21239.0207537686,0.863560885245573,0.0278438981542402,"d__Bacteria; p__Deinococcota; c__Deinococci; o__Deinococcales;NA;NA;NA;NA"
"Order","d89f6cfb141fb171a96d71b914757ad9","GXE",109888.474068844,0.980125722025868,0.144061419580978,"d__Bacteria; p__Deinococcota; c__Deinococci; o__Deinococcales;NA;NA;NA;NA"
"Order","26b47123a3ba9d77b1afef3f1d024454","Environment",897744.891094921,7.10179385902975e-15,0.235358981466162,"d__Bacteria; p__Proteobacteria; c__Gammaproteobacteria; o__Burkholderiales;NA;NA;NA;NA"
"Order","26b47123a3ba9d77b1afef3f1d024454","Maize Genotype",203403.838529469,0.19594979672872,0.0533257507087743,"d__Bacteria; p__Proteobacteria; c__Gammaproteobacteria; o__Burkholderiales;NA;NA;NA;NA"
"Order","26b47123a3ba9d77b1afef3f1d024454","GXE",844287.883883325,0.305061217574502,0.221344324413416,"d__Bacteria; p__Proteobacteria; c__Gammaproteobacteria; o__Burkholderiales;NA;NA;NA;NA"
"Order","17ae9751d0aa265398e39337dd992bb2","Environment",936213.313303698,6.32625490997423e-16,0.235093673726192,"d__Bacteria; p__Proteobacteria; c__Gammaproteobacteria; o__Pseudomonadales;NA;NA;NA;NA"
"Order","17ae9751d0aa265398e39337dd992bb2","Maize Genotype",136958.501260237,0.597779500540471,0.0343918172832666,"d__Bacteria; p__Proteobacteria; c__Gammaproteobacteria; o__Pseudomonadales;NA;NA;NA;NA"
"Order","17ae9751d0aa265398e39337dd992bb2","GXE",1091648.48973045,0.0143750276197275,0.274125191579208,"d__Bacteria; p__Proteobacteria; c__Gammaproteobacteria; o__Pseudomonadales;NA;NA;NA;NA"
"Order","b65c869f07d8063ccd8d8e5ea1609f00","Environment",43787.9715608489,7.71896012369386e-10,0.138230821126224,"d__Bacteria; p__Proteobacteria; c__Gammaproteobacteria; o__Xanthomonadales;NA;NA;NA;NA"
"Order","b65c869f07d8063ccd8d8e5ea1609f00","Maize Genotype",8215.19187311555,0.805782597390586,0.0259338964069664,"d__Bacteria; p__Proteobacteria; c__Gammaproteobacteria; o__Xanthomonadales;NA;NA;NA;NA"
"Order","b65c869f07d8063ccd8d8e5ea1609f00","GXE",128589.81971941,3.86757193956233e-07,0.405935140055218,"d__Bacteria; p__Proteobacteria; c__Gammaproteobacteria; o__Xanthomonadales;NA;NA;NA;NA"
"Order","cb67a4fe82a4e376010ebbde029c0cb8","Environment",1302840.33321138,1.30659521990026e-16,0.237748559247443,"d__Bacteria; p__Proteobacteria; c__Gammaproteobacteria; o__Enterobacterales;NA;NA;NA;NA"
"Order","cb67a4fe82a4e376010ebbde029c0cb8","Maize Genotype",342715.478592424,0.042880701047058,0.0625403659912077,"d__Bacteria; p__Proteobacteria; c__Gammaproteobacteria; o__Enterobacterales;NA;NA;NA;NA"
"Order","cb67a4fe82a4e376010ebbde029c0cb8","GXE",1413325.96146241,0.0218569481710137,0.257910507158193,"d__Bacteria; p__Proteobacteria; c__Gammaproteobacteria; o__Enterobacterales;NA;NA;NA;NA"
"Order","35ee3175762dc83fd21d0fc46af1e4fc","Environment",4588.45921969757,0.000951265420219054,0.0598270140248975,"d__Bacteria; p__Myxococcota; c__Polyangia; o__Polyangiales;NA;NA;NA;NA"
"Order","35ee3175762dc83fd21d0fc46af1e4fc","Maize Genotype",6856.83453149294,0.000968203663996744,0.0894034175831834,"d__Bacteria; p__Myxococcota; c__Polyangia; o__Polyangiales;NA;NA;NA;NA"
"Order","35ee3175762dc83fd21d0fc46af1e4fc","GXE",32304.7993355018,1.13890402587556e-07,0.421208861270854,"d__Bacteria; p__Myxococcota; c__Polyangia; o__Polyangiales;NA;NA;NA;NA"
"Order","dd6d02fb5b3da983c1fbdc17ed801732","Environment",21421.409584243,0.0924857002340227,0.0395722837311847,"d__Bacteria; p__Proteobacteria; c__Alphaproteobacteria; o__Azospirillales;NA;NA;NA;NA"
"Order","dd6d02fb5b3da983c1fbdc17ed801732","Maize Genotype",40864.0478748669,0.0440749729381738,0.0754891357895716,"d__Bacteria; p__Proteobacteria; c__Alphaproteobacteria; o__Azospirillales;NA;NA;NA;NA"
"Order","dd6d02fb5b3da983c1fbdc17ed801732","GXE",189261.893191021,0.00357398995654229,0.349628034859357,"d__Bacteria; p__Proteobacteria; c__Alphaproteobacteria; o__Azospirillales;NA;NA;NA;NA"
"Order","54b5b4cc61db3677e79c603259ae79aa","Environment",1123.49394227989,0.913169591312511,0.013696943264793,"d__Bacteria; p__Proteobacteria; c__Alphaproteobacteria; o__Acetobacterales;NA;NA;NA;NA"
"Order","54b5b4cc61db3677e79c603259ae79aa","Maize Genotype",9462.58053208405,0.00749685102347279,0.115361929253911,"d__Bacteria; p__Proteobacteria; c__Alphaproteobacteria; o__Acetobacterales;NA;NA;NA;NA"
"Order","54b5b4cc61db3677e79c603259ae79aa","GXE",16943.2440920121,0.94479911646168,0.206561552596262,"d__Bacteria; p__Proteobacteria; c__Alphaproteobacteria; o__Acetobacterales;NA;NA;NA;NA"
"Order","bf6135823365c9b9db52706e2a2e0efc","Environment",228530.197687578,3.34755536748292e-08,0.152397534217204,"d__Bacteria; p__Proteobacteria; c__Alphaproteobacteria; o__Sphingomonadales;NA;NA;NA;NA"
"Order","bf6135823365c9b9db52706e2a2e0efc","Maize Genotype",68778.8867257483,0.502722062364931,0.0458658542690185,"d__Bacteria; p__Proteobacteria; c__Alphaproteobacteria; o__Sphingomonadales;NA;NA;NA;NA"
"Order","bf6135823365c9b9db52706e2a2e0efc","GXE",362647.772380213,0.400930473088417,0.241835113518175,"d__Bacteria; p__Proteobacteria; c__Alphaproteobacteria; o__Sphingomonadales;NA;NA;NA;NA"
"Order","d093d8adb1eee5b1a3e90fd6fde0913f","Environment",35454.8949002163,4.70600721445342e-06,0.120943632361504,"d__Bacteria; p__Proteobacteria; c__Alphaproteobacteria; o__Caulobacterales;NA;NA;NA;NA"
"Order","d093d8adb1eee5b1a3e90fd6fde0913f","Maize Genotype",19977.3253347528,0.136109458368377,0.0681465929500685,"d__Bacteria; p__Proteobacteria; c__Alphaproteobacteria; o__Caulobacterales;NA;NA;NA;NA"
"Order","d093d8adb1eee5b1a3e90fd6fde0913f","GXE",67545.5733259488,0.591925925371657,0.230411259459994,"d__Bacteria; p__Proteobacteria; c__Alphaproteobacteria; o__Caulobacterales;NA;NA;NA;NA"
"Order","4f4fc0eb5b55e5d13918626d54d6626e","Environment",124853.145435625,0.00198238808502693,0.0650692058736397,"d__Bacteria; p__Proteobacteria; c__Alphaproteobacteria; o__Rhizobiales;NA;NA;NA;NA"
"Order","4f4fc0eb5b55e5d13918626d54d6626e","Maize Genotype",102673.888517482,0.215849872857099,0.0535101327762374,"d__Bacteria; p__Proteobacteria; c__Alphaproteobacteria; o__Rhizobiales;NA;NA;NA;NA"
"Order","4f4fc0eb5b55e5d13918626d54d6626e","GXE",726690.709258808,0.00018852528056772,0.378726440589381,"d__Bacteria; p__Proteobacteria; c__Alphaproteobacteria; o__Rhizobiales;NA;NA;NA;NA"
"Family","435c8c86221e4553c04b2298666b0a56","Environment",31409.3024058484,4.55075764825884e-09,0.14565356957014,"d__Archaea; p__Crenarchaeota; c__Nitrososphaeria; o__Nitrososphaerales; f__Nitrososphaeraceae;NA;NA;NA"
"Family","435c8c86221e4553c04b2298666b0a56","Maize Genotype",7924.87289306993,0.59947153922003,0.0367498141267332,"d__Archaea; p__Crenarchaeota; c__Nitrososphaeria; o__Nitrososphaerales; f__Nitrososphaeraceae;NA;NA;NA"
"Family","435c8c86221e4553c04b2298666b0a56","GXE",70982.7703858005,0.00199449834514692,0.329166619209741,"d__Archaea; p__Crenarchaeota; c__Nitrososphaeria; o__Nitrososphaerales; f__Nitrososphaeraceae;NA;NA;NA"
"Family","d64ed148e8c9945d479ec92055719bf8","Environment",48001.7829521009,5.02687420814996e-06,0.124359009964485,"d__Bacteria; p__Bacteroidota; c__Bacteroidia; o__Chitinophagales; f__Chitinophagaceae;NA;NA;NA"
"Family","d64ed148e8c9945d479ec92055719bf8","Maize Genotype",33782.8555465458,0.0340423504371192,0.0875218004659092,"d__Bacteria; p__Bacteroidota; c__Bacteroidia; o__Chitinophagales; f__Chitinophagaceae;NA;NA;NA"
"Family","d64ed148e8c9945d479ec92055719bf8","GXE",72869.8296354529,0.936350645510876,0.188785068229409,"d__Bacteria; p__Bacteroidota; c__Bacteroidia; o__Chitinophagales; f__Chitinophagaceae;NA;NA;NA"
"Family","c99f42810e2c0436c0d362b36a17da0e","Environment",189806.346410116,2.42584348231376e-06,0.116239093671536,"d__Bacteria; p__Bacteroidota; c__Bacteroidia; o__Sphingobacteriales; f__Sphingobacteriaceae;NA;NA;NA"
"Family","c99f42810e2c0436c0d362b36a17da0e","Maize Genotype",99890.9882904778,0.156847682587125,0.061174129129227,"d__Bacteria; p__Bacteroidota; c__Bacteroidia; o__Sphingobacteriales; f__Sphingobacteriaceae;NA;NA;NA"
"Family","c99f42810e2c0436c0d362b36a17da0e","GXE",468007.306014191,0.0672902215608008,0.286611834175465,"d__Bacteria; p__Bacteroidota; c__Bacteroidia; o__Sphingobacteriales; f__Sphingobacteriaceae;NA;NA;NA"
"Family","0359f2cea5b79f56f69f65e0e1c4e1b6","Environment",10171.4054309029,0.0338051186592562,0.0603311574069987,"d__Bacteria; p__Bacteroidota; c__Bacteroidia; o__Flavobacteriales; f__Flavobacteriaceae;NA;NA;NA"
"Family","0359f2cea5b79f56f69f65e0e1c4e1b6","Maize Genotype",8243.14582492219,0.638450760654334,0.0488937867702396,"d__Bacteria; p__Bacteroidota; c__Bacteroidia; o__Flavobacteriales; f__Flavobacteriaceae;NA;NA;NA"
"Family","0359f2cea5b79f56f69f65e0e1c4e1b6","GXE",36593.9509113284,0.919366683616503,0.217055098980491,"d__Bacteria; p__Bacteroidota; c__Bacteroidia; o__Flavobacteriales; f__Flavobacteriaceae;NA;NA;NA"
"Family","bfe6c8ad656846b14adf47f293fc2368","Environment",191269.528255066,1.69594750690483e-11,0.196567216402618,"d__Bacteria; p__Bacteroidota; c__Bacteroidia; o__Flavobacteriales; f__Weeksellaceae;NA;NA;NA"
"Family","bfe6c8ad656846b14adf47f293fc2368","Maize Genotype",54150.3008925791,0.224453561566026,0.0556501289615982,"d__Bacteria; p__Bacteroidota; c__Bacteroidia; o__Flavobacteriales; f__Weeksellaceae;NA;NA;NA"
"Family","bfe6c8ad656846b14adf47f293fc2368","GXE",214187.935500171,0.479530704002024,0.220120406278971,"d__Bacteria; p__Bacteroidota; c__Bacteroidia; o__Flavobacteriales; f__Weeksellaceae;NA;NA;NA"
"Family","c5c7cd52d7a5d03d59921272dd6d015a","Environment",111936.849700169,4.64346570530109e-24,0.29226726479083,"d__Bacteria; p__Bacteroidota; c__Bacteroidia; o__Cytophagales; f__Cytophagaceae;NA;NA;NA"
"Family","c5c7cd52d7a5d03d59921272dd6d015a","Maize Genotype",20649.6357966639,0.0290280900678949,0.0539162267777194,"d__Bacteria; p__Bacteroidota; c__Bacteroidia; o__Cytophagales; f__Cytophagaceae;NA;NA;NA"
"Family","c5c7cd52d7a5d03d59921272dd6d015a","GXE",111885.563548322,3.43109514555345e-05,0.292133356579531,"d__Bacteria; p__Bacteroidota; c__Bacteroidia; o__Cytophagales; f__Cytophagaceae;NA;NA;NA"
"Family","7decbef26cbda1354b020c012cd771af","Environment",659042.210114913,7.48358343421731e-33,0.43455004679556,"d__Bacteria; p__Bacteroidota; c__Bacteroidia; o__Cytophagales; f__Spirosomaceae;NA;NA;NA"
"Family","7decbef26cbda1354b020c012cd771af","Maize Genotype",44806.9181695656,0.525998474393086,0.0295441598254451,"d__Bacteria; p__Bacteroidota; c__Bacteroidia; o__Cytophagales; f__Spirosomaceae;NA;NA;NA"
"Family","7decbef26cbda1354b020c012cd771af","GXE",254697.115881498,0.284627239685562,0.16793862658008,"d__Bacteria; p__Bacteroidota; c__Bacteroidia; o__Cytophagales; f__Spirosomaceae;NA;NA;NA"
"Family","1cd490b580f8d55bbe492b16264de285","Environment",73030.4217677274,2.00852424877618e-06,0.135659808373185,"d__Bacteria; p__Bacteroidota; c__Bacteroidia; o__Cytophagales; f__Hymenobacteraceae;NA;NA;NA"
"Family","1cd490b580f8d55bbe492b16264de285","Maize Genotype",23976.5051147621,0.646791863055109,0.0445382624199042,"d__Bacteria; p__Bacteroidota; c__Bacteroidia; o__Cytophagales; f__Hymenobacteraceae;NA;NA;NA"
"Family","1cd490b580f8d55bbe492b16264de285","GXE",108318.130976307,0.911184604166196,0.201209530712049,"d__Bacteria; p__Bacteroidota; c__Bacteroidia; o__Cytophagales; f__Hymenobacteraceae;NA;NA;NA"
"Family","728c0504fa69b9ec825ba5410fa20acc","Environment",49473.4511386338,3.80510657711875e-13,0.212821652530356,"d__Bacteria; p__Chloroflexi; c__Chloroflexia; o__Chloroflexales; f__Roseiflexaceae;NA;NA;NA"
"Family","728c0504fa69b9ec825ba5410fa20acc","Maize Genotype",8895.14292541547,0.583782796435617,0.0382645433724821,"d__Bacteria; p__Chloroflexi; c__Chloroflexia; o__Chloroflexales; f__Roseiflexaceae;NA;NA;NA"
"Family","728c0504fa69b9ec825ba5410fa20acc","GXE",57534.474757919,0.152564593583453,0.247498036090807,"d__Bacteria; p__Chloroflexi; c__Chloroflexia; o__Chloroflexales; f__Roseiflexaceae;NA;NA;NA"
"Family","4bc4cff97301f281c2b1b927b8b70006","Environment",557137.545160375,3.76947576775322e-23,0.296484457703099,"d__Bacteria; p__Chloroflexi; c__Anaerolineae; o__Anaerolineales; f__Anaerolineaceae;NA;NA;NA"
"Family","4bc4cff97301f281c2b1b927b8b70006","Maize Genotype",109489.44226662,0.0249533657976844,0.0582655363951268,"d__Bacteria; p__Chloroflexi; c__Anaerolineae; o__Anaerolineales; f__Anaerolineaceae;NA;NA;NA"
"Family","4bc4cff97301f281c2b1b927b8b70006","GXE",491816.555144145,0.00156497634632976,0.261723457533891,"d__Bacteria; p__Chloroflexi; c__Anaerolineae; o__Anaerolineales; f__Anaerolineaceae;NA;NA;NA"
"Family","7a11ad49b2fa58c14045d6370673dca7","Environment",22539.2541503755,3.73825842237883e-07,0.151614885590212,"d__Bacteria; p__Armatimonadota; c__Armatimonadia; o__Armatimonadales; f__Armatimonadales;NA;NA;NA"
"Family","7a11ad49b2fa58c14045d6370673dca7","Maize Genotype",4818.02073008708,0.899140032249044,0.032409398149994,"d__Bacteria; p__Armatimonadota; c__Armatimonadia; o__Armatimonadales; f__Armatimonadales;NA;NA;NA"
"Family","7a11ad49b2fa58c14045d6370673dca7","GXE",27766.2038938497,0.96777514284143,0.186775028071211,"d__Bacteria; p__Armatimonadota; c__Armatimonadia; o__Armatimonadales; f__Armatimonadales;NA;NA;NA"
"Family","e187c1063a3049c7a196a619b0d1ae11","Environment",36828.2948949052,8.1205905306316e-06,0.106771368488525,"d__Bacteria; p__Firmicutes; c__Bacilli; o__Lactobacillales; f__Streptococcaceae;NA;NA;NA"
"Family","e187c1063a3049c7a196a619b0d1ae11","Maize Genotype",16696.8949895567,0.37693412834293,0.0484070829950582,"d__Bacteria; p__Firmicutes; c__Bacilli; o__Lactobacillales; f__Streptococcaceae;NA;NA;NA"
"Family","e187c1063a3049c7a196a619b0d1ae11","GXE",108466.836011436,0.0174431592205029,0.314463445826364,"d__Bacteria; p__Firmicutes; c__Bacilli; o__Lactobacillales; f__Streptococcaceae;NA;NA;NA"
"Family","1a279f338006edc91c0370edcf81ba8f","Environment",62337.2978549153,3.17100623496725e-05,0.113476973162219,"d__Bacteria; p__Firmicutes; c__Bacilli; o__Paenibacillales; f__Paenibacillaceae;NA;NA;NA"
"Family","1a279f338006edc91c0370edcf81ba8f","Maize Genotype",21640.9832883109,0.761677172894455,0.0393946058670565,"d__Bacteria; p__Firmicutes; c__Bacilli; o__Paenibacillales; f__Paenibacillaceae;NA;NA;NA"
"Family","1a279f338006edc91c0370edcf81ba8f","GXE",126104.131420243,0.727055214469367,0.229556230847942,"d__Bacteria; p__Firmicutes; c__Bacilli; o__Paenibacillales; f__Paenibacillaceae;NA;NA;NA"
"Family","fffc4a853a8b35f441611bf01888a0a4","Environment",28256.9787900102,0.0405932160821528,0.0587654252953102,"d__Bacteria; p__Actinobacteriota; c__Actinobacteria; o__Corynebacteriales; f__Mycobacteriaceae;NA;NA;NA"
"Family","fffc4a853a8b35f441611bf01888a0a4","Maize Genotype",22374.3362583239,0.693809396846541,0.0465314213416729,"d__Bacteria; p__Actinobacteriota; c__Actinobacteria; o__Corynebacteriales; f__Mycobacteriaceae;NA;NA;NA"
"Family","fffc4a853a8b35f441611bf01888a0a4","GXE",104665.183793938,0.921064644972801,0.217669910324491,"d__Bacteria; p__Actinobacteriota; c__Actinobacteria; o__Corynebacteriales; f__Mycobacteriaceae;NA;NA;NA"
"Family","9b4263734f4f7681592cc642965cd353","Environment",18426.8393218818,0.000115034313302211,0.0959678523398343,"d__Bacteria; p__Actinobacteriota; c__Actinobacteria; o__Micromonosporales; f__Micromonosporaceae;NA;NA;NA"
"Family","9b4263734f4f7681592cc642965cd353","Maize Genotype",12343.9971937324,0.172518399019821,0.06428812230238,"d__Bacteria; p__Actinobacteriota; c__Actinobacteria; o__Micromonosporales; f__Micromonosporaceae;NA;NA;NA"
"Family","9b4263734f4f7681592cc642965cd353","GXE",50925.4422841164,0.262583056455151,0.265222116505857,"d__Bacteria; p__Actinobacteriota; c__Actinobacteria; o__Micromonosporales; f__Micromonosporaceae;NA;NA;NA"
"Family","09c1e40bfe705a6ca7fd2f3236fd4547","Environment",56668.7349697894,6.921572101497e-08,0.155448825575605,"d__Bacteria; p__Actinobacteriota; c__Actinobacteria; o__Kineosporiales; f__Kineosporiaceae;NA;NA;NA"
"Family","09c1e40bfe705a6ca7fd2f3236fd4547","Maize Genotype",11717.8483844246,0.872587275404379,0.0321433991883333,"d__Bacteria; p__Actinobacteriota; c__Actinobacteria; o__Kineosporiales; f__Kineosporiaceae;NA;NA;NA"
"Family","09c1e40bfe705a6ca7fd2f3236fd4547","GXE",80498.0889972348,0.71921296759539,0.220815470865401,"d__Bacteria; p__Actinobacteriota; c__Actinobacteria; o__Kineosporiales; f__Kineosporiaceae;NA;NA;NA"
"Family","b79cfe931298e99d7744a9f019d2dbdc","Environment",17365.4864525198,6.69176196771705e-07,0.146349419943515,"d__Bacteria; p__Actinobacteriota; c__Actinobacteria; o__Frankiales; f__Geodermatophilaceae;NA;NA;NA"
"Family","b79cfe931298e99d7744a9f019d2dbdc","Maize Genotype",7219.93032690866,0.308474755208702,0.060846704079652,"d__Bacteria; p__Actinobacteriota; c__Actinobacteria; o__Frankiales; f__Geodermatophilaceae;NA;NA;NA"
"Family","b79cfe931298e99d7744a9f019d2dbdc","GXE",19688.4777464706,0.993179156446839,0.165926667568168,"d__Bacteria; p__Actinobacteriota; c__Actinobacteria; o__Frankiales; f__Geodermatophilaceae;NA;NA;NA"
"Family","4e4367ebe2aacbfe855c2750ab433752","Environment",28058.338702222,0.000154850830998596,0.0943965705667596,"d__Bacteria; p__Actinobacteriota; c__Actinobacteria; o__Propionibacteriales; f__Nocardioidaceae;NA;NA;NA"
"Family","4e4367ebe2aacbfe855c2750ab433752","Maize Genotype",22111.8146910193,0.0814009707992946,0.0743907006751834,"d__Bacteria; p__Actinobacteriota; c__Actinobacteria; o__Propionibacteriales; f__Nocardioidaceae;NA;NA;NA"
"Family","4e4367ebe2aacbfe855c2750ab433752","GXE",75108.0880929975,0.376292724115273,0.252685877558515,"d__Bacteria; p__Actinobacteriota; c__Actinobacteria; o__Propionibacteriales; f__Nocardioidaceae;NA;NA;NA"
"Family","adfbb9650dffb0f5911c687a18823018","Environment",33182.1399681425,1.43181206626249e-11,0.219937420919149,"d__Bacteria; p__Actinobacteriota; c__Thermoleophilia; o__Solirubrobacterales; f__Solirubrobacteraceae;NA;NA;NA"
"Family","adfbb9650dffb0f5911c687a18823018","Maize Genotype",3712.67099824282,0.963237695845282,0.0246082767675264,"d__Bacteria; p__Actinobacteriota; c__Thermoleophilia; o__Solirubrobacterales; f__Solirubrobacteraceae;NA;NA;NA"
"Family","adfbb9650dffb0f5911c687a18823018","GXE",25446.0103731426,0.978508740507921,0.168660909137386,"d__Bacteria; p__Actinobacteriota; c__Thermoleophilia; o__Solirubrobacterales; f__Solirubrobacteraceae;NA;NA;NA"
"Family","e8ca7c296058b23e921fa69644676406","Environment",101490.63185612,8.06123141349301e-11,0.18629915475615,"d__Bacteria; p__Acidobacteriota; c__Vicinamibacteria; o__Vicinamibacterales; f__Vicinamibacteraceae;NA;NA;NA"
"Family","e8ca7c296058b23e921fa69644676406","Maize Genotype",28433.102129386,0.292850044732053,0.05219262898382,"d__Bacteria; p__Acidobacteriota; c__Vicinamibacteria; o__Vicinamibacterales; f__Vicinamibacteraceae;NA;NA;NA"
"Family","e8ca7c296058b23e921fa69644676406","GXE",126172.337812653,0.374805018919717,0.231605611850247,"d__Bacteria; p__Acidobacteriota; c__Vicinamibacteria; o__Vicinamibacterales; f__Vicinamibacteraceae;NA;NA;NA"
"Family","4536723d6aabc9847619ea88d7639aa8","Environment",402065.043490522,1.06186321555274e-23,0.31436282656517,"d__Bacteria; p__Acidobacteriota; c__Vicinamibacteria; o__Vicinamibacterales; f__uncultured  o__Vicinamibacterales;NA;NA;NA"
"Family","4536723d6aabc9847619ea88d7639aa8","Maize Genotype",52555.6514638643,0.239548783277503,0.041091717406524,"d__Bacteria; p__Acidobacteriota; c__Vicinamibacteria; o__Vicinamibacterales; f__uncultured  o__Vicinamibacterales;NA;NA;NA"
"Family","4536723d6aabc9847619ea88d7639aa8","GXE",318090.213007175,0.0070115805546439,0.248705377606422,"d__Bacteria; p__Acidobacteriota; c__Vicinamibacteria; o__Vicinamibacterales; f__uncultured  o__Vicinamibacterales;NA;NA;NA"
"Family","27a8cd62afa5bd4decc84b6b98b0e04b","Environment",43630.0309120631,1.09183335240124e-06,0.113891585241817,"d__Bacteria; p__Verrucomicrobiota; c__Verrucomicrobiae; o__Chthoniobacterales; f__Chthoniobacteraceae;NA;NA;NA"
"Family","27a8cd62afa5bd4decc84b6b98b0e04b","Maize Genotype",21254.1059764205,0.181743841474599,0.0554815976965723,"d__Bacteria; p__Verrucomicrobiota; c__Verrucomicrobiae; o__Chthoniobacterales; f__Chthoniobacteraceae;NA;NA;NA"
"Family","27a8cd62afa5bd4decc84b6b98b0e04b","GXE",126125.216831247,0.00324211437482462,0.329236550687545,"d__Bacteria; p__Verrucomicrobiota; c__Verrucomicrobiae; o__Chthoniobacterales; f__Chthoniobacteraceae;NA;NA;NA"
"Family","f1964556453eade23bc0429e3633329c","Environment",80409.7699803544,1.18145095164028e-09,0.168508770973229,"d__Bacteria; p__Planctomycetota; c__Planctomycetes; o__Gemmatales; f__Gemmataceae;NA;NA;NA"
"Family","f1964556453eade23bc0429e3633329c","Maize Genotype",36242.9021225189,0.0410806165277556,0.0759515528356916,"d__Bacteria; p__Planctomycetota; c__Planctomycetes; o__Gemmatales; f__Gemmataceae;NA;NA;NA"
"Family","f1964556453eade23bc0429e3633329c","GXE",106009.932906671,0.483118055227104,0.222157127292143,"d__Bacteria; p__Planctomycetota; c__Planctomycetes; o__Gemmatales; f__Gemmataceae;NA;NA;NA"
"Family","859dd56b8c9c88aa0b0f1321e2ec759c","Environment",115291.127178881,1.350921389818e-09,0.187006679953385,"d__Bacteria; p__Planctomycetota; c__Planctomycetes; o__Pirellulales; f__Pirellulaceae;NA;NA;NA"
"Family","859dd56b8c9c88aa0b0f1321e2ec759c","Maize Genotype",20131.3738685403,0.867308752413871,0.0326538692280707,"d__Bacteria; p__Planctomycetota; c__Planctomycetes; o__Pirellulales; f__Pirellulaceae;NA;NA;NA"
"Family","859dd56b8c9c88aa0b0f1321e2ec759c","GXE",114101.591872255,0.944783091286184,0.185077207548849,"d__Bacteria; p__Planctomycetota; c__Planctomycetes; o__Pirellulales; f__Pirellulaceae;NA;NA;NA"
"Family","57dcfc27dd1e2a6cb424c5562dc316ab","Environment",12813.4043824693,1.14093184019729e-05,0.100998436014653,"d__Bacteria; p__Planctomycetota; c__Phycisphaerae; o__Tepidisphaerales; f__WD2101_soil_group;NA;NA;NA"
"Family","57dcfc27dd1e2a6cb424c5562dc316ab","Maize Genotype",6788.2326613587,0.234693169690458,0.0535065359397241,"d__Bacteria; p__Planctomycetota; c__Phycisphaerae; o__Tepidisphaerales; f__WD2101_soil_group;NA;NA;NA"
"Family","57dcfc27dd1e2a6cb424c5562dc316ab","GXE",42202.7022715157,0.00404450452841634,0.332652181870318,"d__Bacteria; p__Planctomycetota; c__Phycisphaerae; o__Tepidisphaerales; f__WD2101_soil_group;NA;NA;NA"
"Family","d89f6cfb141fb171a96d71b914757ad9","Environment",249414.536309405,7.92265553906292e-20,0.326397826560614,"d__Bacteria; p__Deinococcota; c__Deinococci; o__Deinococcales; f__Deinococcaceae;NA;NA;NA"
"Family","d89f6cfb141fb171a96d71b914757ad9","Maize Genotype",21516.9737134262,0.854448936143723,0.0281583165045034,"d__Bacteria; p__Deinococcota; c__Deinococci; o__Deinococcales; f__Deinococcaceae;NA;NA;NA"
"Family","d89f6cfb141fb171a96d71b914757ad9","GXE",109571.357710494,0.980213700262746,0.143391213436071,"d__Bacteria; p__Deinococcota; c__Deinococci; o__Deinococcales; f__Deinococcaceae;NA;NA;NA"
"Family","10f5ba59f1d381a66e4ff9a1dfc5997e","Environment",938648.408138487,1.37351612587497e-25,0.353798352558518,"d__Bacteria; p__Proteobacteria; c__Gammaproteobacteria; o__Burkholderiales; f__Comamonadaceae;NA;NA;NA"
"Family","10f5ba59f1d381a66e4ff9a1dfc5997e","Maize Genotype",135512.77469886,0.0947500406876919,0.0510779073648804,"d__Bacteria; p__Proteobacteria; c__Gammaproteobacteria; o__Burkholderiales; f__Comamonadaceae;NA;NA;NA"
"Family","10f5ba59f1d381a66e4ff9a1dfc5997e","GXE",497972.643405061,0.266491349926563,0.187697437430616,"d__Bacteria; p__Proteobacteria; c__Gammaproteobacteria; o__Burkholderiales; f__Comamonadaceae;NA;NA;NA"
"Family","26b47123a3ba9d77b1afef3f1d024454","Environment",68760.4831110914,0.000101912422406241,0.100957070936854,"d__Bacteria; p__Proteobacteria; c__Gammaproteobacteria; o__Burkholderiales; f__Oxalobacteraceae;NA;NA;NA"
"Family","26b47123a3ba9d77b1afef3f1d024454","Maize Genotype",45085.8782367468,0.182468477412387,0.0661970073718605,"d__Bacteria; p__Proteobacteria; c__Gammaproteobacteria; o__Burkholderiales; f__Oxalobacteraceae;NA;NA;NA"
"Family","26b47123a3ba9d77b1afef3f1d024454","GXE",159444.407228518,0.624752911445813,0.234103072036991,"d__Bacteria; p__Proteobacteria; c__Gammaproteobacteria; o__Burkholderiales; f__Oxalobacteraceae;NA;NA;NA"
"Family","1ca02dbf978678d8ff6169fe97c4e364","Environment",23389.0549193644,1.78512420681987e-08,0.170746166385984,"d__Bacteria; p__Proteobacteria; c__Gammaproteobacteria; o__Burkholderiales; f__Methylophilaceae;NA;NA;NA"
"Family","1ca02dbf978678d8ff6169fe97c4e364","Maize Genotype",4410.37540916886,0.88679975559693,0.0321968842278926,"d__Bacteria; p__Proteobacteria; c__Gammaproteobacteria; o__Burkholderiales; f__Methylophilaceae;NA;NA;NA"
"Family","1ca02dbf978678d8ff6169fe97c4e364","GXE",25757.5873516135,0.948921288261932,0.188037067372008,"d__Bacteria; p__Proteobacteria; c__Gammaproteobacteria; o__Burkholderiales; f__Methylophilaceae;NA;NA;NA"
"Family","2b81280800430f20072f787d0526cbcf","Environment",14785.0341624945,0.00464442244246326,0.0728833878487993,"d__Bacteria; p__Proteobacteria; c__Gammaproteobacteria; o__Burkholderiales; f__Nitrosomonadaceae;NA;NA;NA"
"Family","2b81280800430f20072f787d0526cbcf","Maize Genotype",16380.2023528089,0.0740246617630174,0.0807468300715893,"d__Bacteria; p__Proteobacteria; c__Gammaproteobacteria; o__Burkholderiales; f__Nitrosomonadaceae;NA;NA;NA"
"Family","2b81280800430f20072f787d0526cbcf","GXE",46240.291689501,0.74260759094496,0.227943275369403,"d__Bacteria; p__Proteobacteria; c__Gammaproteobacteria; o__Burkholderiales; f__Nitrosomonadaceae;NA;NA;NA"
"Family","17ae9751d0aa265398e39337dd992bb2","Environment",119733.329786144,0.000821184866400655,0.0757920663544253,"d__Bacteria; p__Proteobacteria; c__Gammaproteobacteria; o__Pseudomonadales; f__Moraxellaceae;NA;NA;NA"
"Family","17ae9751d0aa265398e39337dd992bb2","Maize Genotype",75734.4133709154,0.401646955681821,0.0479404330755208,"d__Bacteria; p__Proteobacteria; c__Gammaproteobacteria; o__Pseudomonadales; f__Moraxellaceae;NA;NA;NA"
"Family","17ae9751d0aa265398e39337dd992bb2","GXE",536503.25519976,0.00621301633185797,0.33961045257902,"d__Bacteria; p__Proteobacteria; c__Gammaproteobacteria; o__Pseudomonadales; f__Moraxellaceae;NA;NA;NA"
"Family","b65c869f07d8063ccd8d8e5ea1609f00","Environment",41339.3002302318,6.98498621841919e-10,0.135892331626131,"d__Bacteria; p__Proteobacteria; c__Gammaproteobacteria; o__Xanthomonadales; f__Xanthomonadaceae;NA;NA;NA"
"Family","b65c869f07d8063ccd8d8e5ea1609f00","Maize Genotype",8820.6479824228,0.691520052182397,0.028995614684067,"d__Bacteria; p__Proteobacteria; c__Gammaproteobacteria; o__Xanthomonadales; f__Xanthomonadaceae;NA;NA;NA"
"Family","b65c869f07d8063ccd8d8e5ea1609f00","GXE",126006.178552631,1.00989029863818e-07,0.414212947666037,"d__Bacteria; p__Proteobacteria; c__Gammaproteobacteria; o__Xanthomonadales; f__Xanthomonadaceae;NA;NA;NA"
"Family","7ff645cdfa7a638ffbb7b879b9a0ab98","Environment",232903.498434518,1.39677831775868e-10,0.156030912440696,"d__Bacteria; p__Proteobacteria; c__Gammaproteobacteria; o__Enterobacterales; f__Erwiniaceae;NA;NA;NA"
"Family","7ff645cdfa7a638ffbb7b879b9a0ab98","Maize Genotype",111726.898142032,0.0121242373081415,0.074850098768144,"d__Bacteria; p__Proteobacteria; c__Gammaproteobacteria; o__Enterobacterales; f__Erwiniaceae;NA;NA;NA"
"Family","7ff645cdfa7a638ffbb7b879b9a0ab98","GXE",471453.088599889,0.00103136608550978,0.315844356489593,"d__Bacteria; p__Proteobacteria; c__Gammaproteobacteria; o__Enterobacterales; f__Erwiniaceae;NA;NA;NA"
"Family","cb67a4fe82a4e376010ebbde029c0cb8","Environment",430511.469002816,2.22272070379251e-08,0.150776822119561,"d__Bacteria; p__Proteobacteria; c__Gammaproteobacteria; o__Enterobacterales; f__Enterobacteriaceae;NA;NA;NA"
"Family","cb67a4fe82a4e376010ebbde029c0cb8","Maize Genotype",187668.279078893,0.115985308391298,0.0657265340635496,"d__Bacteria; p__Proteobacteria; c__Gammaproteobacteria; o__Enterobacterales; f__Enterobacteriaceae;NA;NA;NA"
"Family","cb67a4fe82a4e376010ebbde029c0cb8","GXE",685767.560617158,0.35032895652495,0.240174445856312,"d__Bacteria; p__Proteobacteria; c__Gammaproteobacteria; o__Enterobacterales; f__Enterobacteriaceae;NA;NA;NA"
"Family","016ff4adfc46ded659f5f8b679dc1c12","Environment",473893.374723705,4.32657768815906e-18,0.26590557802331,"d__Bacteria; p__Proteobacteria; c__Gammaproteobacteria; o__Pseudomonadales; f__Pseudomonadaceae;NA;NA;NA"
"Family","016ff4adfc46ded659f5f8b679dc1c12","Maize Genotype",59178.1994562449,0.62445923688565,0.0332053879039056,"d__Bacteria; p__Proteobacteria; c__Gammaproteobacteria; o__Pseudomonadales; f__Pseudomonadaceae;NA;NA;NA"
"Family","016ff4adfc46ded659f5f8b679dc1c12","GXE",444321.714564171,0.0459790188862451,0.249312669560696,"d__Bacteria; p__Proteobacteria; c__Gammaproteobacteria; o__Pseudomonadales; f__Pseudomonadaceae;NA;NA;NA"
"Family","35e2a74635cb3a0b0a4f1063ea088b2e","Environment",31903.3246218228,1.68483072614615e-08,0.16739627955425,"d__Bacteria; p__Proteobacteria; c__Alphaproteobacteria; o__Rhizobiales; f__Beijerinckiaceae;NA;NA;NA"
"Family","35e2a74635cb3a0b0a4f1063ea088b2e","Maize Genotype",10842.9213587594,0.32565441740258,0.0568926504203293,"d__Bacteria; p__Proteobacteria; c__Alphaproteobacteria; o__Rhizobiales; f__Beijerinckiaceae;NA;NA;NA"
"Family","35e2a74635cb3a0b0a4f1063ea088b2e","GXE",34350.9107649297,0.959333308274168,0.18023872839309,"d__Bacteria; p__Proteobacteria; c__Alphaproteobacteria; o__Rhizobiales; f__Beijerinckiaceae;NA;NA;NA"
"Family","dd6d02fb5b3da983c1fbdc17ed801732","Environment",21952.344757912,0.0554364682548071,0.0428199007623359,"d__Bacteria; p__Proteobacteria; c__Alphaproteobacteria; o__Azospirillales; f__Azospirillaceae;NA;NA;NA"
"Family","dd6d02fb5b3da983c1fbdc17ed801732","Maize Genotype",39488.2268982714,0.0314300135134199,0.0770251185334159,"d__Bacteria; p__Proteobacteria; c__Alphaproteobacteria; o__Azospirillales; f__Azospirillaceae;NA;NA;NA"
"Family","dd6d02fb5b3da983c1fbdc17ed801732","GXE",183616.759781652,0.0014058527284745,0.358159983311953,"d__Bacteria; p__Proteobacteria; c__Alphaproteobacteria; o__Azospirillales; f__Azospirillaceae;NA;NA;NA"
"Family","54b5b4cc61db3677e79c603259ae79aa","Environment",1030.35664499786,0.933712440373837,0.012565519246599,"d__Bacteria; p__Proteobacteria; c__Alphaproteobacteria; o__Acetobacterales; f__Acetobacteraceae;NA;NA;NA"
"Family","54b5b4cc61db3677e79c603259ae79aa","Maize Genotype",9309.78509078965,0.00855193703015695,0.113535720187703,"d__Bacteria; p__Proteobacteria; c__Alphaproteobacteria; o__Acetobacterales; f__Acetobacteraceae;NA;NA;NA"
"Family","54b5b4cc61db3677e79c603259ae79aa","GXE",17319.7503176202,0.927840022482307,0.211219733496062,"d__Bacteria; p__Proteobacteria; c__Alphaproteobacteria; o__Acetobacterales; f__Acetobacteraceae;NA;NA;NA"
"Family","bf6135823365c9b9db52706e2a2e0efc","Environment",228530.197687578,3.34755536748292e-08,0.152397534217204,"d__Bacteria; p__Proteobacteria; c__Alphaproteobacteria; o__Sphingomonadales; f__Sphingomonadaceae;NA;NA;NA"
"Family","bf6135823365c9b9db52706e2a2e0efc","Maize Genotype",68778.8867257483,0.502722062364931,0.0458658542690185,"d__Bacteria; p__Proteobacteria; c__Alphaproteobacteria; o__Sphingomonadales; f__Sphingomonadaceae;NA;NA;NA"
"Family","bf6135823365c9b9db52706e2a2e0efc","GXE",362647.772380213,0.400930473088417,0.241835113518175,"d__Bacteria; p__Proteobacteria; c__Alphaproteobacteria; o__Sphingomonadales; f__Sphingomonadaceae;NA;NA;NA"
"Family","d093d8adb1eee5b1a3e90fd6fde0913f","Environment",33402.9914395674,4.66733718882094e-06,0.118748757961712,"d__Bacteria; p__Proteobacteria; c__Alphaproteobacteria; o__Caulobacterales; f__Caulobacteraceae;NA;NA;NA"
"Family","d093d8adb1eee5b1a3e90fd6fde0913f","Maize Genotype",21009.3256305075,0.0721191330324418,0.0746888591924337,"d__Bacteria; p__Proteobacteria; c__Alphaproteobacteria; o__Caulobacterales; f__Caulobacteraceae;NA;NA;NA"
"Family","d093d8adb1eee5b1a3e90fd6fde0913f","GXE",66634.8520806231,0.486807335122426,0.236889140179322,"d__Bacteria; p__Proteobacteria; c__Alphaproteobacteria; o__Caulobacterales; f__Caulobacteraceae;NA;NA;NA"
"Family","d3f48cebe59f978e33d5421902bb88c2","Environment",113569.50055883,9.08211540042494e-09,0.139482184929862,"d__Bacteria; p__Proteobacteria; c__Alphaproteobacteria; o__Rhizobiales; f__Xanthobacteraceae;NA;NA;NA"
"Family","d3f48cebe59f978e33d5421902bb88c2","Maize Genotype",43181.9922683117,0.187144600409568,0.0530346492814637,"d__Bacteria; p__Proteobacteria; c__Alphaproteobacteria; o__Rhizobiales; f__Xanthobacteraceae;NA;NA;NA"
"Family","d3f48cebe59f978e33d5421902bb88c2","GXE",264730.929391286,0.00198692020168857,0.325133493308638,"d__Bacteria; p__Proteobacteria; c__Alphaproteobacteria; o__Rhizobiales; f__Xanthobacteraceae;NA;NA;NA"
"Family","295d16ee5f439f774a09ebbe3a753cea","Environment",101770.026377326,4.4369901038182e-07,0.112978504659997,"d__Bacteria; p__Proteobacteria; c__Alphaproteobacteria; o__Rhizobiales; f__Rhizobiaceae;NA;NA;NA"
"Family","295d16ee5f439f774a09ebbe3a753cea","Maize Genotype",79860.9393943938,0.00337778544109733,0.0886564525400519,"d__Bacteria; p__Proteobacteria; c__Alphaproteobacteria; o__Rhizobiales; f__Rhizobiaceae;NA;NA;NA"
"Family","295d16ee5f439f774a09ebbe3a753cea","GXE",292905.97155908,0.00136481560001885,0.32516527557962,"d__Bacteria; p__Proteobacteria; c__Alphaproteobacteria; o__Rhizobiales; f__Rhizobiaceae;NA;NA;NA"
"Genus","a3a447bb31c25f8c200ba556ebfe22b8","Environment",12145.524422315,2.69570559686688e-05,0.113082001092781,"d__Archaea; p__Crenarchaeota; c__Nitrososphaeria; o__Nitrososphaerales; f__Nitrososphaeraceae; g__Nitrososphaeraceae;NA;NA"
"Genus","a3a447bb31c25f8c200ba556ebfe22b8","Maize Genotype",4468.17770646024,0.698883193694733,0.0416013717247437,"d__Archaea; p__Crenarchaeota; c__Nitrososphaeria; o__Nitrososphaerales; f__Nitrososphaeraceae; g__Nitrososphaeraceae;NA;NA"
"Genus","a3a447bb31c25f8c200ba556ebfe22b8","GXE",25437.9900409668,0.634366641546151,0.236842701688997,"d__Archaea; p__Crenarchaeota; c__Nitrososphaeria; o__Nitrososphaerales; f__Nitrososphaeraceae; g__Nitrososphaeraceae;NA;NA"
"Genus","d64ed148e8c9945d479ec92055719bf8","Environment",27917.6156559956,2.83707139710221e-07,0.143312408462384,"d__Bacteria; p__Bacteroidota; c__Bacteroidia; o__Chitinophagales; f__Chitinophagaceae; g__Edaphobaculum;NA;NA"
"Genus","d64ed148e8c9945d479ec92055719bf8","Maize Genotype",14654.1527827935,0.0823144628814162,0.0752256910173078,"d__Bacteria; p__Bacteroidota; c__Bacteroidia; o__Chitinophagales; f__Chitinophagaceae; g__Edaphobaculum;NA;NA"
"Genus","d64ed148e8c9945d479ec92055719bf8","GXE",38059.1744523496,0.887319393095183,0.195373130071904,"d__Bacteria; p__Bacteroidota; c__Bacteroidia; o__Chitinophagales; f__Chitinophagaceae; g__Edaphobaculum;NA;NA"
"Genus","c99f42810e2c0436c0d362b36a17da0e","Environment",53437.6399462317,0.00520588404527336,0.0682394726009468,"d__Bacteria; p__Bacteroidota; c__Bacteroidia; o__Sphingobacteriales; f__Sphingobacteriaceae; g__Pedobacter;NA;NA"
"Genus","c99f42810e2c0436c0d362b36a17da0e","Maize Genotype",28639.643221471,0.780803630951742,0.0365726134402438,"d__Bacteria; p__Bacteroidota; c__Bacteroidia; o__Sphingobacteriales; f__Sphingobacteriaceae; g__Pedobacter;NA;NA"
"Genus","c99f42810e2c0436c0d362b36a17da0e","GXE",241455.810377464,0.081911471460488,0.308337291339422,"d__Bacteria; p__Bacteroidota; c__Bacteroidia; o__Sphingobacteriales; f__Sphingobacteriaceae; g__Pedobacter;NA;NA"
"Genus","0359f2cea5b79f56f69f65e0e1c4e1b6","Environment",10100.2868430065,0.0350865421781097,0.0599138233442403,"d__Bacteria; p__Bacteroidota; c__Bacteroidia; o__Flavobacteriales; f__Flavobacteriaceae; g__Flavobacterium;NA;NA"
"Genus","0359f2cea5b79f56f69f65e0e1c4e1b6","Maize Genotype",8257.79963966392,0.635744133781454,0.0489843859400418,"d__Bacteria; p__Bacteroidota; c__Bacteroidia; o__Flavobacteriales; f__Flavobacteriaceae; g__Flavobacterium;NA;NA"
"Genus","0359f2cea5b79f56f69f65e0e1c4e1b6","GXE",36726.4137632533,0.915682372988498,0.217857165888573,"d__Bacteria; p__Bacteroidota; c__Bacteroidia; o__Flavobacteriales; f__Flavobacteriaceae; g__Flavobacterium;NA;NA"
"Genus","bfe6c8ad656846b14adf47f293fc2368","Environment",191958.359021239,1.60015190803856e-11,0.196787912080376,"d__Bacteria; p__Bacteroidota; c__Bacteroidia; o__Flavobacteriales; f__Weeksellaceae; g__Chryseobacterium;NA;NA"
"Genus","bfe6c8ad656846b14adf47f293fc2368","Maize Genotype",54298.6468909836,0.223285217346176,0.0556647671138092,"d__Bacteria; p__Bacteroidota; c__Bacteroidia; o__Flavobacteriales; f__Weeksellaceae; g__Chryseobacterium;NA;NA"
"Genus","bfe6c8ad656846b14adf47f293fc2368","GXE",214994.865363836,0.474349697662514,0.220404002611158,"d__Bacteria; p__Bacteroidota; c__Bacteroidia; o__Flavobacteriales; f__Weeksellaceae; g__Chryseobacterium;NA;NA"
"Genus","fe8cdb420be15aa4b71281054f761323","Environment",40560.6277286059,1.42717231445344e-06,0.137651902241839,"d__Bacteria; p__Bacteroidota; c__Bacteroidia; o__Cytophagales; f__Spirosomaceae; g__Spirosoma;NA;NA"
"Genus","fe8cdb420be15aa4b71281054f761323","Maize Genotype",25463.5180858077,0.0453973280490083,0.0864163574028934,"d__Bacteria; p__Bacteroidota; c__Bacteroidia; o__Cytophagales; f__Spirosomaceae; g__Spirosoma;NA;NA"
"Genus","fe8cdb420be15aa4b71281054f761323","GXE",47321.9832133067,0.994479944997985,0.160598131043569,"d__Bacteria; p__Bacteroidota; c__Bacteroidia; o__Cytophagales; f__Spirosomaceae; g__Spirosoma;NA;NA"
"Genus","c5c7cd52d7a5d03d59921272dd6d015a","Environment",113400.250317707,2.06017073054289e-24,0.295416319669066,"d__Bacteria; p__Bacteroidota; c__Bacteroidia; o__Cytophagales; f__Cytophagaceae; g__Siphonobacter;NA;NA"
"Genus","c5c7cd52d7a5d03d59921272dd6d015a","Maize Genotype",19929.0454697763,0.0369946444344849,0.0519166866978205,"d__Bacteria; p__Bacteroidota; c__Bacteroidia; o__Cytophagales; f__Cytophagaceae; g__Siphonobacter;NA;NA"
"Genus","c5c7cd52d7a5d03d59921272dd6d015a","GXE",112552.491970448,2.65782487457483e-05,0.29320784437722,"d__Bacteria; p__Bacteroidota; c__Bacteroidia; o__Cytophagales; f__Cytophagaceae; g__Siphonobacter;NA;NA"
"Genus","1cd490b580f8d55bbe492b16264de285","Environment",72949.749789426,2.02979972121949e-06,0.135404009374366,"d__Bacteria; p__Bacteroidota; c__Bacteroidia; o__Cytophagales; f__Hymenobacteraceae; g__Hymenobacter;NA;NA"
"Genus","1cd490b580f8d55bbe492b16264de285","Maize Genotype",24376.9052886935,0.628763285365109,0.0452466351393398,"d__Bacteria; p__Bacteroidota; c__Bacteroidia; o__Cytophagales; f__Hymenobacteraceae; g__Hymenobacter;NA;NA"
"Genus","1cd490b580f8d55bbe492b16264de285","GXE",108581.613155317,0.908568063949289,0.201541277495889,"d__Bacteria; p__Bacteroidota; c__Bacteroidia; o__Cytophagales; f__Hymenobacteraceae; g__Hymenobacter;NA;NA"
"Genus","728c0504fa69b9ec825ba5410fa20acc","Environment",41198.8364376043,1.32994364849862e-12,0.207955580871885,"d__Bacteria; p__Chloroflexi; c__Chloroflexia; o__Chloroflexales; f__Roseiflexaceae; g__uncultured;NA;NA"
"Genus","728c0504fa69b9ec825ba5410fa20acc","Maize Genotype",6634.61042716909,0.737739710285569,0.0334889133903134,"d__Bacteria; p__Chloroflexi; c__Chloroflexia; o__Chloroflexales; f__Roseiflexaceae; g__uncultured;NA;NA"
"Genus","728c0504fa69b9ec825ba5410fa20acc","GXE",49101.0298496745,0.177161338362291,0.247842756415249,"d__Bacteria; p__Chloroflexi; c__Chloroflexia; o__Chloroflexales; f__Roseiflexaceae; g__uncultured;NA;NA"
"Genus","7a11ad49b2fa58c14045d6370673dca7","Environment",22539.2541503755,3.73825842237883e-07,0.151614885590212,"d__Bacteria; p__Armatimonadota; c__Armatimonadia; o__Armatimonadales; f__Armatimonadales; g__Armatimonadales;NA;NA"
"Genus","7a11ad49b2fa58c14045d6370673dca7","Maize Genotype",4818.02073008708,0.899140032249044,0.032409398149994,"d__Bacteria; p__Armatimonadota; c__Armatimonadia; o__Armatimonadales; f__Armatimonadales; g__Armatimonadales;NA;NA"
"Genus","7a11ad49b2fa58c14045d6370673dca7","GXE",27766.2038938497,0.96777514284143,0.186775028071211,"d__Bacteria; p__Armatimonadota; c__Armatimonadia; o__Armatimonadales; f__Armatimonadales; g__Armatimonadales;NA;NA"
"Genus","e187c1063a3049c7a196a619b0d1ae11","Environment",39885.9303690846,1.59311944897624e-06,0.116367519285294,"d__Bacteria; p__Firmicutes; c__Bacilli; o__Lactobacillales; f__Streptococcaceae; g__Lactococcus;NA;NA"
"Genus","e187c1063a3049c7a196a619b0d1ae11","Maize Genotype",19152.2461462495,0.213355245253895,0.0558768305554643,"d__Bacteria; p__Firmicutes; c__Bacilli; o__Lactobacillales; f__Streptococcaceae; g__Lactococcus;NA;NA"
"Genus","e187c1063a3049c7a196a619b0d1ae11","GXE",104285.512371163,0.0232732429206729,0.304253812302552,"d__Bacteria; p__Firmicutes; c__Bacilli; o__Lactobacillales; f__Streptococcaceae; g__Lactococcus;NA;NA"
"Genus","fffc4a853a8b35f441611bf01888a0a4","Environment",28256.9787900102,0.0405932160821528,0.0587654252953102,"d__Bacteria; p__Actinobacteriota; c__Actinobacteria; o__Corynebacteriales; f__Mycobacteriaceae; g__Mycobacterium;NA;NA"
"Genus","fffc4a853a8b35f441611bf01888a0a4","Maize Genotype",22374.3362583239,0.693809396846541,0.0465314213416729,"d__Bacteria; p__Actinobacteriota; c__Actinobacteria; o__Corynebacteriales; f__Mycobacteriaceae; g__Mycobacterium;NA;NA"
"Genus","fffc4a853a8b35f441611bf01888a0a4","GXE",104665.183793938,0.921064644972801,0.217669910324491,"d__Bacteria; p__Actinobacteriota; c__Actinobacteria; o__Corynebacteriales; f__Mycobacteriaceae; g__Mycobacterium;NA;NA"
"Genus","09c1e40bfe705a6ca7fd2f3236fd4547","Environment",52507.923352001,4.13929443503423e-08,0.158888584534209,"d__Bacteria; p__Actinobacteriota; c__Actinobacteria; o__Kineosporiales; f__Kineosporiaceae; g__Quadrisphaera;NA;NA"
"Genus","09c1e40bfe705a6ca7fd2f3236fd4547","Maize Genotype",9910.66778967133,0.90480649155978,0.0299896068319687,"d__Bacteria; p__Actinobacteriota; c__Actinobacteria; o__Kineosporiales; f__Kineosporiaceae; g__Quadrisphaera;NA;NA"
"Genus","09c1e40bfe705a6ca7fd2f3236fd4547","GXE",73166.3002642568,0.708057423014971,0.221400679030086,"d__Bacteria; p__Actinobacteriota; c__Actinobacteria; o__Kineosporiales; f__Kineosporiaceae; g__Quadrisphaera;NA;NA"
"Genus","4e4367ebe2aacbfe855c2750ab433752","Environment",8032.29360617761,0.153836524729973,0.0419606083176918,"d__Bacteria; p__Actinobacteriota; c__Actinobacteria; o__Propionibacteriales; f__Nocardioidaceae; g__Nocardioides;NA;NA"
"Genus","4e4367ebe2aacbfe855c2750ab433752","Maize Genotype",12073.1763040819,0.295010507083121,0.0630701325031739,"d__Bacteria; p__Actinobacteriota; c__Actinobacteria; o__Propionibacteriales; f__Nocardioidaceae; g__Nocardioides;NA;NA"
"Genus","4e4367ebe2aacbfe855c2750ab433752","GXE",48491.7989966984,0.603721013906166,0.253320593604271,"d__Bacteria; p__Actinobacteriota; c__Actinobacteria; o__Propionibacteriales; f__Nocardioidaceae; g__Nocardioides;NA;NA"
"Genus","adfbb9650dffb0f5911c687a18823018","Environment",32386.2034748279,3.96302803963189e-16,0.289733155644415,"d__Bacteria; p__Actinobacteriota; c__Thermoleophilia; o__Solirubrobacterales; f__Solirubrobacteraceae; g__uncultured;NA;NA"
"Genus","adfbb9650dffb0f5911c687a18823018","Maize Genotype",2499.07967609711,0.970435167361607,0.0223572436122443,"d__Bacteria; p__Actinobacteriota; c__Thermoleophilia; o__Solirubrobacterales; f__Solirubrobacteraceae; g__uncultured;NA;NA"
"Genus","adfbb9650dffb0f5911c687a18823018","GXE",14841.2913723546,0.998660730722186,0.132773024368006,"d__Bacteria; p__Actinobacteriota; c__Thermoleophilia; o__Solirubrobacterales; f__Solirubrobacteraceae; g__uncultured;NA;NA"
"Genus","4536723d6aabc9847619ea88d7639aa8","Environment",402065.043490522,1.06186321555274e-23,0.31436282656517,"d__Bacteria; p__Acidobacteriota; c__Vicinamibacteria; o__Vicinamibacterales; f__uncultured  o__Vicinamibacterales; g__uncultured;NA;NA"
"Genus","4536723d6aabc9847619ea88d7639aa8","Maize Genotype",52555.6514638643,0.239548783277503,0.041091717406524,"d__Bacteria; p__Acidobacteriota; c__Vicinamibacteria; o__Vicinamibacterales; f__uncultured  o__Vicinamibacterales; g__uncultured;NA;NA"
"Genus","4536723d6aabc9847619ea88d7639aa8","GXE",318090.213007175,0.0070115805546439,0.248705377606422,"d__Bacteria; p__Acidobacteriota; c__Vicinamibacteria; o__Vicinamibacterales; f__uncultured  o__Vicinamibacterales; g__uncultured;NA;NA"
"Genus","e0ef26ce7d67ffe1eb4cc23779e4812e","Environment",57929.4573685417,2.24055188102794e-10,0.188467905922331,"d__Bacteria; p__Acidobacteriota; c__Vicinamibacteria; o__Vicinamibacterales; f__Vicinamibacteraceae; g__Vicinamibacteraceae;NA;NA"
"Genus","e0ef26ce7d67ffe1eb4cc23779e4812e","Maize Genotype",16978.090317055,0.287003774386756,0.0552365803853225,"d__Bacteria; p__Acidobacteriota; c__Vicinamibacteria; o__Vicinamibacterales; f__Vicinamibacteraceae; g__Vicinamibacteraceae;NA;NA"
"Genus","e0ef26ce7d67ffe1eb4cc23779e4812e","GXE",61042.0585060019,0.800906141446582,0.198594453709867,"d__Bacteria; p__Acidobacteriota; c__Vicinamibacteria; o__Vicinamibacterales; f__Vicinamibacteraceae; g__Vicinamibacteraceae;NA;NA"
"Genus","27a8cd62afa5bd4decc84b6b98b0e04b","Environment",45840.4323810554,4.16974867733187e-09,0.135295700800452,"d__Bacteria; p__Verrucomicrobiota; c__Verrucomicrobiae; o__Chthoniobacterales; f__Chthoniobacteraceae; g__Candidatus_Udaeobacter;NA;NA"
"Genus","27a8cd62afa5bd4decc84b6b98b0e04b","Maize Genotype",23232.2723830267,0.0252293145206411,0.0685688683544702,"d__Bacteria; p__Verrucomicrobiota; c__Verrucomicrobiae; o__Chthoniobacterales; f__Chthoniobacteraceae; g__Candidatus_Udaeobacter;NA;NA"
"Genus","27a8cd62afa5bd4decc84b6b98b0e04b","GXE",116612.203158027,0.000146709012746317,0.344174976732335,"d__Bacteria; p__Verrucomicrobiota; c__Verrucomicrobiae; o__Chthoniobacterales; f__Chthoniobacteraceae; g__Candidatus_Udaeobacter;NA;NA"
"Genus","15e8258b0c59c0bc378aaf663e932b8b","Environment",32372.923736856,3.47511015625766e-06,0.116895591912746,"d__Bacteria; p__Planctomycetota; c__Planctomycetes; o__Gemmatales; f__Gemmataceae; g__uncultured;NA;NA"
"Genus","15e8258b0c59c0bc378aaf663e932b8b","Maize Genotype",12851.6739046535,0.469805744108011,0.0464061893317258,"d__Bacteria; p__Planctomycetota; c__Planctomycetes; o__Gemmatales; f__Gemmataceae; g__uncultured;NA;NA"
"Genus","15e8258b0c59c0bc378aaf663e932b8b","GXE",79189.8115725954,0.0930466238262465,0.285946983735007,"d__Bacteria; p__Planctomycetota; c__Planctomycetes; o__Gemmatales; f__Gemmataceae; g__uncultured;NA;NA"
"Genus","7b239b1b8b6468c4ad33c760d3d73e4e","Environment",7107.40225273163,0.0930041542101566,0.0495132844511064,"d__Bacteria; p__Planctomycetota; c__Planctomycetes; o__Pirellulales; f__Pirellulaceae; g__uncultured;NA;NA"
"Genus","7b239b1b8b6468c4ad33c760d3d73e4e","Maize Genotype",6767.02277564798,0.671399805811381,0.0471420515771426,"d__Bacteria; p__Planctomycetota; c__Planctomycetes; o__Pirellulales; f__Pirellulaceae; g__uncultured;NA;NA"
"Genus","7b239b1b8b6468c4ad33c760d3d73e4e","GXE",33407.9016523843,0.838571739302016,0.232734109961674,"d__Bacteria; p__Planctomycetota; c__Planctomycetes; o__Pirellulales; f__Pirellulaceae; g__uncultured;NA;NA"
"Genus","859dd56b8c9c88aa0b0f1321e2ec759c","Environment",51016.1516745171,9.36200855282497e-09,0.16478440714907,"d__Bacteria; p__Planctomycetota; c__Planctomycetes; o__Pirellulales; f__Pirellulaceae; g__Pir4_lineage;NA;NA"
"Genus","859dd56b8c9c88aa0b0f1321e2ec759c","Maize Genotype",12893.073335132,0.632502780689166,0.0416451922797709,"d__Bacteria; p__Planctomycetota; c__Planctomycetes; o__Pirellulales; f__Pirellulaceae; g__Pir4_lineage;NA;NA"
"Genus","859dd56b8c9c88aa0b0f1321e2ec759c","GXE",69020.7466066786,0.626404688419169,0.222940038345717,"d__Bacteria; p__Planctomycetota; c__Planctomycetes; o__Pirellulales; f__Pirellulaceae; g__Pir4_lineage;NA;NA"
"Genus","57dcfc27dd1e2a6cb424c5562dc316ab","Environment",12813.4043824693,1.14093184019729e-05,0.100998436014653,"d__Bacteria; p__Planctomycetota; c__Phycisphaerae; o__Tepidisphaerales; f__WD2101_soil_group; g__WD2101_soil_group;NA;NA"
"Genus","57dcfc27dd1e2a6cb424c5562dc316ab","Maize Genotype",6788.2326613587,0.234693169690458,0.0535065359397241,"d__Bacteria; p__Planctomycetota; c__Phycisphaerae; o__Tepidisphaerales; f__WD2101_soil_group; g__WD2101_soil_group;NA;NA"
"Genus","57dcfc27dd1e2a6cb424c5562dc316ab","GXE",42202.7022715157,0.00404450452841634,0.332652181870318,"d__Bacteria; p__Planctomycetota; c__Phycisphaerae; o__Tepidisphaerales; f__WD2101_soil_group; g__WD2101_soil_group;NA;NA"
"Genus","d89f6cfb141fb171a96d71b914757ad9","Environment",249414.536309405,7.92265553906292e-20,0.326397826560614,"d__Bacteria; p__Deinococcota; c__Deinococci; o__Deinococcales; f__Deinococcaceae; g__Deinococcus;NA;NA"
"Genus","d89f6cfb141fb171a96d71b914757ad9","Maize Genotype",21516.9737134262,0.854448936143723,0.0281583165045034,"d__Bacteria; p__Deinococcota; c__Deinococci; o__Deinococcales; f__Deinococcaceae; g__Deinococcus;NA;NA"
"Genus","d89f6cfb141fb171a96d71b914757ad9","GXE",109571.357710494,0.980213700262746,0.143391213436071,"d__Bacteria; p__Deinococcota; c__Deinococci; o__Deinococcales; f__Deinococcaceae; g__Deinococcus;NA;NA"
"Genus","54352a45c6fb1a2d770664ce70ac4ae8","Environment",319957.373262105,4.74773219528815e-22,0.372451618925644,"d__Bacteria; p__Proteobacteria; c__Gammaproteobacteria; o__Burkholderiales; f__Comamonadaceae; g__Delftia;NA;NA"
"Genus","54352a45c6fb1a2d770664ce70ac4ae8","Maize Genotype",23512.3605161146,0.878314022076729,0.0273699482206227,"d__Bacteria; p__Proteobacteria; c__Gammaproteobacteria; o__Burkholderiales; f__Comamonadaceae; g__Delftia;NA;NA"
"Genus","54352a45c6fb1a2d770664ce70ac4ae8","GXE",78178.7619185095,0.999996411452097,0.0910052678120294,"d__Bacteria; p__Proteobacteria; c__Gammaproteobacteria; o__Burkholderiales; f__Comamonadaceae; g__Delftia;NA;NA"
"Genus","17ae9751d0aa265398e39337dd992bb2","Environment",132794.698448441,0.000152548500040249,0.0865304326083479,"d__Bacteria; p__Proteobacteria; c__Gammaproteobacteria; o__Pseudomonadales; f__Moraxellaceae; g__Acinetobacter;NA;NA"
"Genus","17ae9751d0aa265398e39337dd992bb2","Maize Genotype",68758.0637594865,0.46529336325607,0.0448034829096038,"d__Bacteria; p__Proteobacteria; c__Gammaproteobacteria; o__Pseudomonadales; f__Moraxellaceae; g__Acinetobacter;NA;NA"
"Genus","17ae9751d0aa265398e39337dd992bb2","GXE",520222.535087694,0.00512440669105636,0.338982516167444,"d__Bacteria; p__Proteobacteria; c__Gammaproteobacteria; o__Pseudomonadales; f__Moraxellaceae; g__Acinetobacter;NA;NA"
"Genus","016ff4adfc46ded659f5f8b679dc1c12","Environment",473893.374723705,4.32657768815906e-18,0.26590557802331,"d__Bacteria; p__Proteobacteria; c__Gammaproteobacteria; o__Pseudomonadales; f__Pseudomonadaceae; g__Pseudomonas;NA;NA"
"Genus","016ff4adfc46ded659f5f8b679dc1c12","Maize Genotype",59178.1994562449,0.62445923688565,0.0332053879039056,"d__Bacteria; p__Proteobacteria; c__Gammaproteobacteria; o__Pseudomonadales; f__Pseudomonadaceae; g__Pseudomonas;NA;NA"
"Genus","016ff4adfc46ded659f5f8b679dc1c12","GXE",444321.714564171,0.0459790188862451,0.249312669560696,"d__Bacteria; p__Proteobacteria; c__Gammaproteobacteria; o__Pseudomonadales; f__Pseudomonadaceae; g__Pseudomonas;NA;NA"
"Genus","35e2a74635cb3a0b0a4f1063ea088b2e","Environment",33934.0544517977,1.0337437315509e-09,0.187573700914462,"d__Bacteria; p__Proteobacteria; c__Alphaproteobacteria; o__Rhizobiales; f__Beijerinckiaceae; g__Methylobacterium-Methylorubrum;NA;NA"
"Genus","35e2a74635cb3a0b0a4f1063ea088b2e","Maize Genotype",10787.0220839076,0.266930002481405,0.0596262865375755,"d__Bacteria; p__Proteobacteria; c__Alphaproteobacteria; o__Rhizobiales; f__Beijerinckiaceae; g__Methylobacterium-Methylorubrum;NA;NA"
"Genus","35e2a74635cb3a0b0a4f1063ea088b2e","GXE",29373.0630559709,0.988161145625301,0.162362388863039,"d__Bacteria; p__Proteobacteria; c__Alphaproteobacteria; o__Rhizobiales; f__Beijerinckiaceae; g__Methylobacterium-Methylorubrum;NA;NA"
"Genus","dd6d02fb5b3da983c1fbdc17ed801732","Environment",22981.9927888991,0.0393911594687225,0.0465930263446523,"d__Bacteria; p__Proteobacteria; c__Alphaproteobacteria; o__Azospirillales; f__Azospirillaceae; g__Azospirillum;NA;NA"
"Genus","dd6d02fb5b3da983c1fbdc17ed801732","Maize Genotype",38982.4207781148,0.0307121789016614,0.0790318304847067,"d__Bacteria; p__Proteobacteria; c__Alphaproteobacteria; o__Azospirillales; f__Azospirillaceae; g__Azospirillum;NA;NA"
"Genus","dd6d02fb5b3da983c1fbdc17ed801732","GXE",167889.179596247,0.00549334497619076,0.340373658618867,"d__Bacteria; p__Proteobacteria; c__Alphaproteobacteria; o__Azospirillales; f__Azospirillaceae; g__Azospirillum;NA;NA"
"Genus","bf6135823365c9b9db52706e2a2e0efc","Environment",204678.952586908,5.76377836502455e-09,0.161582278579643,"d__Bacteria; p__Proteobacteria; c__Alphaproteobacteria; o__Sphingomonadales; f__Sphingomonadaceae; g__Sphingomonas;NA;NA"
"Genus","bf6135823365c9b9db52706e2a2e0efc","Maize Genotype",66161.8671463602,0.327346451457598,0.0522309945085988,"d__Bacteria; p__Proteobacteria; c__Alphaproteobacteria; o__Sphingomonadales; f__Sphingomonadaceae; g__Sphingomonas;NA;NA"
"Genus","bf6135823365c9b9db52706e2a2e0efc","GXE",302318.735154326,0.380704560608766,0.238663279571016,"d__Bacteria; p__Proteobacteria; c__Alphaproteobacteria; o__Sphingomonadales; f__Sphingomonadaceae; g__Sphingomonas;NA;NA"
"Genus","d093d8adb1eee5b1a3e90fd6fde0913f","Environment",24973.4220744673,7.92494388040339e-05,0.100714855114139,"d__Bacteria; p__Proteobacteria; c__Alphaproteobacteria; o__Caulobacterales; f__Caulobacteraceae; g__Brevundimonas;NA;NA"
"Genus","d093d8adb1eee5b1a3e90fd6fde0913f","Maize Genotype",17186.2510160977,0.130831612245484,0.0693101160057343,"d__Bacteria; p__Proteobacteria; c__Alphaproteobacteria; o__Caulobacterales; f__Caulobacteraceae; g__Brevundimonas;NA;NA"
"Genus","d093d8adb1eee5b1a3e90fd6fde0913f","GXE",60508.8415318322,0.483368776004055,0.244024995446397,"d__Bacteria; p__Proteobacteria; c__Alphaproteobacteria; o__Caulobacterales; f__Caulobacteraceae; g__Brevundimonas;NA;NA"
"Species","c5c7cd52d7a5d03d59921272dd6d015a","Environment",114958.122363816,7.8525260427906e-25,0.300299970176958,"d__Bacteria; p__Bacteroidota; c__Bacteroidia; o__Cytophagales; f__Cytophagaceae; g__Siphonobacter; s__Siphonobacter_sp.;NA"
"Species","c5c7cd52d7a5d03d59921272dd6d015a","Maize Genotype",19952.2374464654,0.0350078798796971,0.0521203390150628,"d__Bacteria; p__Bacteroidota; c__Bacteroidia; o__Cytophagales; f__Cytophagaceae; g__Siphonobacter; s__Siphonobacter_sp.;NA"
"Species","c5c7cd52d7a5d03d59921272dd6d015a","GXE",110766.499993759,3.4290444210032e-05,0.289350382215375,"d__Bacteria; p__Bacteroidota; c__Bacteroidia; o__Cytophagales; f__Cytophagaceae; g__Siphonobacter; s__Siphonobacter_sp.;NA"
"Species","7a11ad49b2fa58c14045d6370673dca7","Environment",20333.4790381089,1.02039181913216e-06,0.143744003066332,"d__Bacteria; p__Armatimonadota; c__Armatimonadia; o__Armatimonadales; f__Armatimonadales; g__Armatimonadales; s__uncultured_bacterium;NA"
"Species","7a11ad49b2fa58c14045d6370673dca7","Maize Genotype",3852.21243857162,0.957038893631787,0.0272325476395061,"d__Bacteria; p__Armatimonadota; c__Armatimonadia; o__Armatimonadales; f__Armatimonadales; g__Armatimonadales; s__uncultured_bacterium;NA"
"Species","7a11ad49b2fa58c14045d6370673dca7","GXE",28097.5889306768,0.936133545260048,0.198631031209078,"d__Bacteria; p__Armatimonadota; c__Armatimonadia; o__Armatimonadales; f__Armatimonadales; g__Armatimonadales; s__uncultured_bacterium;NA"
"Species","3b816cc17137a6f61e7541c25b2d9b59","Environment",8118.36817295782,0.00104747924642587,0.0777547896197718,"d__Bacteria; p__Planctomycetota; c__Planctomycetes; o__Gemmatales; f__Gemmataceae; g__uncultured; s__uncultured_bacterium;NA"
"Species","3b816cc17137a6f61e7541c25b2d9b59","Maize Genotype",7407.13252751302,0.0924084596213732,0.0709428322407196,"d__Bacteria; p__Planctomycetota; c__Planctomycetes; o__Gemmatales; f__Gemmataceae; g__uncultured; s__uncultured_bacterium;NA"
"Species","3b816cc17137a6f61e7541c25b2d9b59","GXE",30051.9770715889,0.110017226552659,0.287826950574017,"d__Bacteria; p__Planctomycetota; c__Planctomycetes; o__Gemmatales; f__Gemmataceae; g__uncultured; s__uncultured_bacterium;NA"
"Species","d89f6cfb141fb171a96d71b914757ad9","Environment",112096.391573937,4.47118240954315e-20,0.326454191830658,"d__Bacteria; p__Deinococcota; c__Deinococci; o__Deinococcales; f__Deinococcaceae; g__Deinococcus; s__Deinococcus_citri;NA"
"Species","d89f6cfb141fb171a96d71b914757ad9","Maize Genotype",13560.6326905762,0.534105427210674,0.0394921310450436,"d__Bacteria; p__Deinococcota; c__Deinococci; o__Deinococcales; f__Deinococcaceae; g__Deinococcus; s__Deinococcus_citri;NA"
"Species","d89f6cfb141fb171a96d71b914757ad9","GXE",47631.7006280418,0.984781049583857,0.138716047106574,"d__Bacteria; p__Deinococcota; c__Deinococci; o__Deinococcales; f__Deinococcaceae; g__Deinococcus; s__Deinococcus_citri;NA"
