"level","taxon","term","SS","pval","herit"
"phylum","d__Archaea;p__Crenarchaeota","Environment",39786.1927602354,3.03513476965439e-08,0.140436358955844
"phylum","d__Archaea;p__Crenarchaeota","Maize Genotype",11175.5506875103,0.576489626458301,0.0394471935864399
"phylum","d__Archaea;p__Crenarchaeota","GXE",86850.021956399,0.0157791251270499,0.306561146282437
"phylum","d__Bacteria;__","Environment",25839.0889276236,0.00619654450574607,0.0748072135687009
"phylum","d__Bacteria;__","Maize Genotype",8092.97679867681,0.98515580856898,0.0234301234645287
"phylum","d__Bacteria;__","GXE",84561.7476867517,0.722252336848894,0.244816244747032
"phylum","d__Bacteria;p__Acidobacteriota","Environment",1771263.7306513,6.9667869524582e-34,0.432682561927139
"phylum","d__Bacteria;p__Acidobacteriota","Maize Genotype",132847.084014735,0.365627147019615,0.032451755016126
"phylum","d__Bacteria;p__Acidobacteriota","GXE",748451.950477841,0.0927430307367469,0.182831106293267
"phylum","d__Bacteria;p__Actinobacteriota","Environment",550749.716620114,2.35250230181468e-07,0.14361472786493
"phylum","d__Bacteria;p__Actinobacteriota","Maize Genotype",170407.965046493,0.582418891175095,0.0444359620852046
"phylum","d__Bacteria;p__Actinobacteriota","GXE",883466.084432735,0.596360555901453,0.230374592060333
"phylum","d__Bacteria;p__Armatimonadota","Environment",31427.6404025637,2.05541680630953e-06,0.130753131880055
"phylum","d__Bacteria;p__Armatimonadota","Maize Genotype",13711.4814571041,0.325563536055185,0.0570459353698538
"phylum","d__Bacteria;p__Armatimonadota","GXE",51718.8413904229,0.781542020980773,0.215173662495322
"phylum","d__Bacteria;p__Bacteroidota","Environment",2905781.59113896,3.85058497700941e-26,0.344975194238217
"phylum","d__Bacteria;p__Bacteroidota","Maize Genotype",458045.160707036,0.0455147551193021,0.0543792481742749
"phylum","d__Bacteria;p__Bacteroidota","GXE",1796610.59930004,0.0474983681380549,0.213294107290781
"phylum","d__Bacteria;p__Bdellovibrionota","Environment",7080.38901212118,0.00276832297876715,0.0783565741745099
"phylum","d__Bacteria;p__Bdellovibrionota","Maize Genotype",4232.4566006513,0.607745591404177,0.0468393472451273
"phylum","d__Bacteria;p__Bdellovibrionota","GXE",22370.1552559914,0.604324687921239,0.247563901730629
"phylum","d__Bacteria;p__Chloroflexi","Environment",2315105.27334083,1.22657903403458e-37,0.444227825231591
"phylum","d__Bacteria;p__Chloroflexi","Maize Genotype",257262.923196365,0.0189548455836411,0.0493642125912165
"phylum","d__Bacteria;p__Chloroflexi","GXE",1000790.86875436,0.0110764022894289,0.192034097221346
"phylum","d__Bacteria;p__Deinococcota","Environment",255815.091637256,1.77697380975224e-19,0.326456572031873
"phylum","d__Bacteria;p__Deinococcota","Maize Genotype",18380.2808760352,0.942097216327854,0.0234558620031765
"phylum","d__Bacteria;p__Deinococcota","GXE",108195.127576064,0.991034803476964,0.138072426583487
"phylum","d__Bacteria;p__Firmicutes","Environment",169815.730848254,3.77463859965719e-05,0.0906737906026194
"phylum","d__Bacteria;p__Firmicutes","Maize Genotype",74497.0891418939,0.535658600335708,0.0397780195486891
"phylum","d__Bacteria;p__Firmicutes","GXE",692851.474249592,0.000279809574203027,0.369950823642848
"phylum","d__Bacteria;p__Myxococcota","Environment",36540.362339265,3.47016542694668e-07,0.117089706952978
"phylum","d__Bacteria;p__Myxococcota","Maize Genotype",20441.8636934203,0.0586264374269492,0.06550377927871
"phylum","d__Bacteria;p__Myxococcota","GXE",104048.771960316,0.00129869641581022,0.333413229582541
"phylum","d__Bacteria;p__Planctomycetota","Environment",669978.374432856,2.69641544789205e-20,0.302499524770907
"phylum","d__Bacteria;p__Planctomycetota","Maize Genotype",131462.982651429,0.0729377432748446,0.0593563781975604
"phylum","d__Bacteria;p__Planctomycetota","GXE",408871.809206403,0.535476632289586,0.18460823915676
"phylum","d__Bacteria;p__Proteobacteria","Environment",6771066.78497985,3.4172384261551e-27,0.365322006261636
"phylum","d__Bacteria;p__Proteobacteria","Maize Genotype",850940.235566869,0.136500178805377,0.0459111103077037
"phylum","d__Bacteria;p__Proteobacteria","GXE",3659862.05733873,0.124057066167963,0.197461964545045
"phylum","d__Bacteria;p__Verrucomicrobiota","Environment",81153.3487467617,6.50131352456461e-08,0.131228002245167
"phylum","d__Bacteria;p__Verrucomicrobiota","Maize Genotype",48036.2829064325,0.020021394709934,0.0776764673108619
"phylum","d__Bacteria;p__Verrucomicrobiota","GXE",181330.609849575,0.0192554553506256,0.293218382776929
"class","d__Archaea;p__Crenarchaeota;c__Nitrososphaeria;o__Nitrososphaerales","Environment",31037.337457997,5.37960673885216e-09,0.143289321263591
"class","d__Archaea;p__Crenarchaeota;c__Nitrososphaeria;o__Nitrososphaerales","Maize Genotype",8315.60930715878,0.54014637391395,0.0383904713195355
"class","d__Archaea;p__Crenarchaeota;c__Nitrososphaeria;o__Nitrososphaerales","GXE",72403.3868208069,0.0012375487465581,0.334262955666821
"class","d__Bacteria;__;__;__","Environment",25839.0889276236,0.00619654450574607,0.0748072135687009
"class","d__Bacteria;__;__;__","Maize Genotype",8092.97679867681,0.98515580856898,0.0234301234645287
"class","d__Bacteria;__;__;__","GXE",84561.7476867517,0.722252336848894,0.244816244747032
"class","d__Bacteria;p__Acidobacteriota;c__Vicinamibacteria;o__Vicinamibacterales","Environment",1070080.32592181,8.75715971229174e-33,0.431289460049271
"class","d__Bacteria;p__Acidobacteriota;c__Vicinamibacteria;o__Vicinamibacterales","Maize Genotype",67650.4572318894,0.610892103165104,0.0272661112113185
"class","d__Bacteria;p__Acidobacteriota;c__Vicinamibacteria;o__Vicinamibacterales","GXE",434843.081644923,0.198930064142832,0.17526089709877
"class","d__Bacteria;p__Actinobacteriota;c__Actinobacteria;o__Corynebacteriales","Environment",28566.3849777103,0.103839922713044,0.0487228236236258
"class","d__Bacteria;p__Actinobacteriota;c__Actinobacteria;o__Corynebacteriales","Maize Genotype",35358.7293308831,0.403900195282202,0.0603078455355265
"class","d__Bacteria;p__Actinobacteriota;c__Actinobacteria;o__Corynebacteriales","GXE",125792.809091577,0.93144547428526,0.214552203762277
"class","d__Bacteria;p__Actinobacteriota;c__Actinobacteria;o__Frankiales","Environment",53396.1450616975,4.46284027165805e-07,0.142378741272769
"class","d__Bacteria;p__Actinobacteriota;c__Actinobacteria;o__Frankiales","Maize Genotype",35395.3225484831,0.017762623964523,0.0943802490905226
"class","d__Bacteria;p__Actinobacteriota;c__Actinobacteria;o__Frankiales","GXE",62522.5646713107,0.985196071520049,0.166713983729737
"class","d__Bacteria;p__Actinobacteriota;c__Actinobacteria;o__Kineosporiales","Environment",56319.1484575809,1.52513359717076e-07,0.150444018618355
"class","d__Bacteria;p__Actinobacteriota;c__Actinobacteria;o__Kineosporiales","Maize Genotype",13400.8671251927,0.808640597340311,0.0357974216318823
"class","d__Bacteria;p__Actinobacteriota;c__Actinobacteria;o__Kineosporiales","GXE",81622.1191267655,0.755210450513172,0.218035249926152
"class","d__Bacteria;p__Actinobacteriota;c__Actinobacteria;o__Micrococcales","Environment",15413.5400975199,0.00984417792061077,0.0644189582146295
"class","d__Bacteria;p__Actinobacteriota;c__Actinobacteria;o__Micrococcales","Maize Genotype",11812.5462277252,0.497142356593743,0.049369055845558
"class","d__Bacteria;p__Actinobacteriota;c__Actinobacteria;o__Micrococcales","GXE",68533.0989592592,0.202587746140401,0.286425494094374
"class","d__Bacteria;p__Actinobacteriota;c__Actinobacteria;o__Micromonosporales","Environment",19194.0704317524,5.96793410896167e-05,0.0997489068668694
"class","d__Bacteria;p__Actinobacteriota;c__Actinobacteria;o__Micromonosporales","Maize Genotype",11103.6958501717,0.261176275984235,0.0577043586025695
"class","d__Bacteria;p__Actinobacteriota;c__Actinobacteria;o__Micromonosporales","GXE",52796.9420623253,0.184686442959322,0.274378343840929
"class","d__Bacteria;p__Actinobacteriota;c__Actinobacteria;o__Propionibacteriales","Environment",29030.8069820333,0.000222939468930449,0.0956231010913228
"class","d__Bacteria;p__Actinobacteriota;c__Actinobacteria;o__Propionibacteriales","Maize Genotype",22010.0691385447,0.120652107448075,0.0724978491836142
"class","d__Bacteria;p__Actinobacteriota;c__Actinobacteria;o__Propionibacteriales","GXE",69287.8600199028,0.694349553907024,0.228223764058126
"class","d__Bacteria;p__Actinobacteriota;c__Thermoleophilia;o__Gaiellales","Environment",37407.5454727723,1.01957508460709e-08,0.14200906372691
"class","d__Bacteria;p__Actinobacteriota;c__Thermoleophilia;o__Gaiellales","Maize Genotype",15312.3891360638,0.133971219641247,0.0581299311984333
"class","d__Bacteria;p__Actinobacteriota;c__Thermoleophilia;o__Gaiellales","GXE",80657.0361628993,0.00867281354116649,0.306195716498368
"class","d__Bacteria;p__Actinobacteriota;c__Thermoleophilia;o__Solirubrobacterales","Environment",33442.1355270285,7.22685319403128e-08,0.165598913432541
"class","d__Bacteria;p__Actinobacteriota;c__Thermoleophilia;o__Solirubrobacterales","Maize Genotype",6785.17803111699,0.883655651431668,0.033598874344947
"class","d__Bacteria;p__Actinobacteriota;c__Thermoleophilia;o__Solirubrobacterales","GXE",34176.9794246876,0.991821420216723,0.16923771666915
"class","d__Bacteria;p__Armatimonadota;c__Armatimonadia;o__Armatimonadales","Environment",21192.5486589151,2.5480171832772e-06,0.136927286510533
"class","d__Bacteria;p__Armatimonadota;c__Armatimonadia;o__Armatimonadales","Maize Genotype",5216.94222186246,0.88334605600643,0.0337072125594179
"class","d__Bacteria;p__Armatimonadota;c__Armatimonadia;o__Armatimonadales","GXE",30358.7901871577,0.94700420134632,0.196151337386284
"class","d__Bacteria;p__Bacteroidota;c__Bacteroidia;o__Chitinophagales","Environment",55049.2398705624,6.25143834404547e-07,0.135331933934943
"class","d__Bacteria;p__Bacteroidota;c__Bacteroidia;o__Chitinophagales","Maize Genotype",30820.9022592439,0.0718025214082618,0.0757694805263572
"class","d__Bacteria;p__Bacteroidota;c__Bacteroidia;o__Chitinophagales","GXE",85984.9851415176,0.75510344867943,0.211383742190263
"class","d__Bacteria;p__Bacteroidota;c__Bacteroidia;o__Cytophagales","Environment",832131.273372609,2.05737081629785e-19,0.306035509802359
"class","d__Bacteria;p__Bacteroidota;c__Bacteroidia;o__Cytophagales","Maize Genotype",103266.715047333,0.546902858089249,0.0379787213825508
"class","d__Bacteria;p__Bacteroidota;c__Bacteroidia;o__Cytophagales","GXE",473900.671447568,0.775021859175799,0.174287925743173
"class","d__Bacteria;p__Bacteroidota;c__Bacteroidia;o__Flavobacteriales","Environment",193841.17411133,3.08682412571334e-09,0.170202567474289
"class","d__Bacteria;p__Bacteroidota;c__Bacteroidia;o__Flavobacteriales","Maize Genotype",82161.9663949495,0.0815210937085376,0.0721424521558308
"class","d__Bacteria;p__Bacteroidota;c__Bacteroidia;o__Flavobacteriales","GXE",223765.175838675,0.826263744885816,0.196477387292364
"class","d__Bacteria;p__Bacteroidota;c__Bacteroidia;o__Sphingobacteriales","Environment",260913.110835499,6.37064077650914e-08,0.136155250232023
"class","d__Bacteria;p__Bacteroidota;c__Bacteroidia;o__Sphingobacteriales","Maize Genotype",102123.42839236,0.244630516851685,0.0532922278331984
"class","d__Bacteria;p__Bacteroidota;c__Bacteroidia;o__Sphingobacteriales","GXE",564341.324070262,0.0299429427654093,0.294496638934725
"class","d__Bacteria;p__Chloroflexi;c__Anaerolineae;o__Anaerolineales","Environment",758233.146340508,2.1322251739959e-31,0.354882225421513
"class","d__Bacteria;p__Chloroflexi;c__Anaerolineae;o__Anaerolineales","Maize Genotype",151681.101554969,0.000386496286987771,0.0709925794381459
"class","d__Bacteria;p__Chloroflexi;c__Anaerolineae;o__Anaerolineales","GXE",546443.483024785,3.94384595409663e-05,0.25575653116572
"class","d__Bacteria;p__Chloroflexi;c__Chloroflexia;o__Chloroflexales","Environment",50387.6788866805,1.25454185538096e-10,0.179612355217854
"class","d__Bacteria;p__Chloroflexi;c__Chloroflexia;o__Chloroflexales","Maize Genotype",14292.481477005,0.297675186502633,0.0509471028773862
"class","d__Bacteria;p__Chloroflexi;c__Chloroflexia;o__Chloroflexales","GXE",70084.4610020407,0.191652778873877,0.249823674812651
"class","d__Bacteria;p__Deinococcota;c__Deinococci;o__Deinococcales","Environment",256145.881468462,1.70882675199926e-19,0.326692288820417
"class","d__Bacteria;p__Deinococcota;c__Deinococci;o__Deinococcales","Maize Genotype",18404.7825640573,0.941812182182291,0.023473734992824
"class","d__Bacteria;p__Deinococcota;c__Deinococci;o__Deinococcales","GXE",108148.983030899,0.991134168937057,0.13793483071995
"class","d__Bacteria;p__Firmicutes;c__Bacilli;o__Lactobacillales","Environment",69143.500566474,6.1898668536882e-06,0.0857720810161775
"class","d__Bacteria;p__Firmicutes;c__Bacilli;o__Lactobacillales","Maize Genotype",37464.3492324578,0.179326738920422,0.0464742914555707
"class","d__Bacteria;p__Firmicutes;c__Bacilli;o__Lactobacillales","GXE",361934.006526154,5.07726354047958e-09,0.448976876726478
"class","d__Bacteria;p__Firmicutes;c__Bacilli;o__Paenibacillales","Environment",63726.5842055627,1.75850708112992e-05,0.11827881328936
"class","d__Bacteria;p__Firmicutes;c__Bacilli;o__Paenibacillales","Maize Genotype",19986.8819360893,0.809531848605554,0.0370963657667507
"class","d__Bacteria;p__Firmicutes;c__Bacilli;o__Paenibacillales","GXE",122049.990064294,0.752820324965222,0.226529134846094
"class","d__Bacteria;p__Myxococcota;c__Polyangia;o__Polyangiales","Environment",4349.66919350038,0.000954348048451004,0.0577283728714044
"class","d__Bacteria;p__Myxococcota;c__Polyangia;o__Polyangiales","Maize Genotype",6987.03189617765,0.000370800873743546,0.0927311858956208
"class","d__Bacteria;p__Myxococcota;c__Polyangia;o__Polyangiales","GXE",32769.9787598675,1.1177644423505e-08,0.434919868311927
"class","d__Bacteria;p__Planctomycetota;c__Phycisphaerae;o__Tepidisphaerales","Environment",11497.9026762534,0.00130867653820977,0.0777202153416999
"class","d__Bacteria;p__Planctomycetota;c__Phycisphaerae;o__Tepidisphaerales","Maize Genotype",6643.32067823954,0.558992355002605,0.0449056082865528
"class","d__Bacteria;p__Planctomycetota;c__Phycisphaerae;o__Tepidisphaerales","GXE",44640.3022541563,0.0839796173275519,0.301746675180774
"class","d__Bacteria;p__Planctomycetota;c__Planctomycetes;o__Gemmatales","Environment",77112.7410023812,7.75924833834007e-09,0.161087677810609
"class","d__Bacteria;p__Planctomycetota;c__Planctomycetes;o__Gemmatales","Maize Genotype",34301.6814540454,0.0777540569406745,0.0716558397303082
"class","d__Bacteria;p__Planctomycetota;c__Planctomycetes;o__Gemmatales","GXE",102501.490718499,0.645987757148986,0.214124500015617
"class","d__Bacteria;p__Planctomycetota;c__Planctomycetes;o__Pirellulales","Environment",107251.161888352,6.88916232799357e-09,0.17551065427372
"class","d__Bacteria;p__Planctomycetota;c__Planctomycetes;o__Pirellulales","Maize Genotype",22491.3260757394,0.792493153345871,0.0368058236902452
"class","d__Bacteria;p__Planctomycetota;c__Planctomycetes;o__Pirellulales","GXE",115021.339494054,0.938493086911353,0.188226124496966
"class","d__Bacteria;p__Proteobacteria;c__Alphaproteobacteria;o__Acetobacterales","Environment",1360.6605687438,0.873251738689256,0.0154682846190742
"class","d__Bacteria;p__Proteobacteria;c__Alphaproteobacteria;o__Acetobacterales","Maize Genotype",11131.5916127412,0.00273826472329961,0.126546349092888
"class","d__Bacteria;p__Proteobacteria;c__Alphaproteobacteria;o__Acetobacterales","GXE",17160.9385230074,0.971011417981,0.195089273182499
"class","d__Bacteria;p__Proteobacteria;c__Alphaproteobacteria;o__Azospirillales","Environment",23550.1663812818,0.0486919640077081,0.0444557302930303
"class","d__Bacteria;p__Proteobacteria;c__Alphaproteobacteria;o__Azospirillales","Maize Genotype",40340.933353429,0.0379431324799772,0.0761517190109781
"class","d__Bacteria;p__Proteobacteria;c__Alphaproteobacteria;o__Azospirillales","GXE",185591.385601099,0.00277633606217126,0.350341498629497
"class","d__Bacteria;p__Proteobacteria;c__Alphaproteobacteria;o__Caulobacterales","Environment",35223.9105262255,3.11592436252984e-06,0.124073510922599
"class","d__Bacteria;p__Proteobacteria;c__Alphaproteobacteria;o__Caulobacterales","Maize Genotype",17528.0401755854,0.216973301730978,0.0617411710309129
"class","d__Bacteria;p__Proteobacteria;c__Alphaproteobacteria;o__Caulobacterales","GXE",66277.5926347038,0.563554518808789,0.233457713548386
"class","d__Bacteria;p__Proteobacteria;c__Alphaproteobacteria;o__Rhizobiales","Environment",139785.260122705,0.000588021243317248,0.0719662036951682
"class","d__Bacteria;p__Proteobacteria;c__Alphaproteobacteria;o__Rhizobiales","Maize Genotype",113351.227145659,0.131853880043494,0.0583570649344651
"class","d__Bacteria;p__Proteobacteria;c__Alphaproteobacteria;o__Rhizobiales","GXE",729539.376194123,0.000152920157947247,0.375591670428952
"class","d__Bacteria;p__Proteobacteria;c__Alphaproteobacteria;o__Sphingomonadales","Environment",234177.669839756,1.29060354245306e-08,0.156239747437645
"class","d__Bacteria;p__Proteobacteria;c__Alphaproteobacteria;o__Sphingomonadales","Maize Genotype",68185.4411487824,0.489339637905173,0.0454922799056801
"class","d__Bacteria;p__Proteobacteria;c__Alphaproteobacteria;o__Sphingomonadales","GXE",373607.179256542,0.294918895155697,0.24926497632279
"class","d__Bacteria;p__Proteobacteria;c__Gammaproteobacteria;o__Burkholderiales","Environment",909237.251974519,2.19076549885467e-15,0.243595710469746
"class","d__Bacteria;p__Proteobacteria;c__Gammaproteobacteria;o__Burkholderiales","Maize Genotype",182399.56359408,0.279711594174979,0.0488670599302685
"class","d__Bacteria;p__Proteobacteria;c__Gammaproteobacteria;o__Burkholderiales","GXE",812147.126731827,0.340514513252661,0.217584085905607
"class","d__Bacteria;p__Proteobacteria;c__Gammaproteobacteria;o__Enterobacterales","Environment",1347259.52477687,1.10500635946224e-16,0.243019110210794
"class","d__Bacteria;p__Proteobacteria;c__Gammaproteobacteria;o__Enterobacterales","Maize Genotype",332448.946807016,0.0645135403222851,0.0599672488913648
"class","d__Bacteria;p__Proteobacteria;c__Gammaproteobacteria;o__Enterobacterales","GXE",1371965.63576279,0.0476440280841443,0.247475606526573
"class","d__Bacteria;p__Proteobacteria;c__Gammaproteobacteria;o__Pseudomonadales","Environment",930040.035862929,7.39088320172775e-16,0.234360554688168
"class","d__Bacteria;p__Proteobacteria;c__Gammaproteobacteria;o__Pseudomonadales","Maize Genotype",131149.771459359,0.642112648841834,0.0330483979196912
"class","d__Bacteria;p__Proteobacteria;c__Gammaproteobacteria;o__Pseudomonadales","GXE",1093792.49279483,0.0134847840475891,0.275624495118972
"class","d__Bacteria;p__Proteobacteria;c__Gammaproteobacteria;o__Xanthomonadales","Environment",41449.1208348672,7.31517619805082e-10,0.135186348346604
"class","d__Bacteria;p__Proteobacteria;c__Gammaproteobacteria;o__Xanthomonadales","Maize Genotype",9428.63506722458,0.627788502535938,0.0307515025399191
"class","d__Bacteria;p__Proteobacteria;c__Gammaproteobacteria;o__Xanthomonadales","GXE",127106.060300174,8.7950102176537e-08,0.414556540611818
"class","d__Bacteria;p__Verrucomicrobiota;c__Verrucomicrobiae;o__Chthoniobacterales","Environment",42738.8338422336,2.07145716520092e-06,0.109968058930288
"class","d__Bacteria;p__Verrucomicrobiota;c__Verrucomicrobiae;o__Chthoniobacterales","Maize Genotype",23339.5258343846,0.123691730844534,0.0600531676141412
"class","d__Bacteria;p__Verrucomicrobiota;c__Verrucomicrobiae;o__Chthoniobacterales","GXE",127331.860173957,0.0036681935094019,0.327627973074827
"order","d__Archaea;p__Crenarchaeota;c__Nitrososphaeria","Environment",39341.7604957613,9.44847089507799e-10,0.156134067004305
"order","d__Archaea;p__Crenarchaeota;c__Nitrososphaeria","Maize Genotype",9315.50501869367,0.595619764292014,0.0369700711518581
"order","d__Archaea;p__Crenarchaeota;c__Nitrososphaeria","GXE",79939.1497455974,0.00412546096479495,0.317251297485556
"order","d__Bacteria;__;__","Environment",25839.0889276236,0.00619654450574607,0.0748072135687009
"order","d__Bacteria;__;__","Maize Genotype",8092.97679867681,0.98515580856898,0.0234301234645287
"order","d__Bacteria;__;__","GXE",84561.7476867517,0.722252336848894,0.244816244747032
"order","d__Bacteria;p__Acidobacteriota;c__Acidobacteriae","Environment",8700.99430206219,0.00424370244604493,0.0660906923359883
"order","d__Bacteria;p__Acidobacteriota;c__Acidobacteriae","Maize Genotype",4988.94959562787,0.700085575178914,0.0378948797525644
"order","d__Bacteria;p__Acidobacteriota;c__Acidobacteriae","GXE",44901.5782486915,0.0100566905981029,0.341061755750287
"order","d__Bacteria;p__Acidobacteriota;c__Blastocatellia","Environment",28684.4009161205,1.5453332647364e-05,0.119530097832799
"order","d__Bacteria;p__Acidobacteriota;c__Blastocatellia","Maize Genotype",14092.5258392969,0.333858814803728,0.0587246356376135
"order","d__Bacteria;p__Acidobacteriota;c__Blastocatellia","GXE",48596.3407428984,0.906322435181304,0.202504677727126
"order","d__Bacteria;p__Acidobacteriota;c__Vicinamibacteria","Environment",1135030.97780659,2.58127115137852e-33,0.432471320200918
"order","d__Bacteria;p__Acidobacteriota;c__Vicinamibacteria","Maize Genotype",74075.5875575725,0.5522822785021,0.0282243989565727
"order","d__Bacteria;p__Acidobacteriota;c__Vicinamibacteria","GXE",471452.952142106,0.136892387430004,0.179633758560076
"order","d__Bacteria;p__Actinobacteriota;c__Acidimicrobiia","Environment",17385.7184738552,5.97257538586685e-09,0.140271394379396
"order","d__Bacteria;p__Actinobacteriota;c__Acidimicrobiia","Maize Genotype",7251.17139023328,0.106260946357343,0.0585038762316079
"order","d__Bacteria;p__Actinobacteriota;c__Acidimicrobiia","GXE",40301.7676970103,0.00153766272345324,0.325162584411765
"order","d__Bacteria;p__Actinobacteriota;c__Actinobacteria","Environment",431820.041179033,2.18463967122561e-07,0.14138435634852
"order","d__Bacteria;p__Actinobacteriota;c__Actinobacteria","Maize Genotype",183604.033005988,0.225014126629129,0.0601147134317039
"order","d__Bacteria;p__Actinobacteriota;c__Actinobacteria","GXE",696871.014786934,0.574450943691108,0.228166019378293
"order","d__Bacteria;p__Actinobacteriota;c__Thermoleophilia","Environment",66831.5973158026,5.14721521063354e-08,0.149472908881917
"order","d__Bacteria;p__Actinobacteriota;c__Thermoleophilia","Maize Genotype",21235.8727386348,0.463521641687135,0.0474953135698792
"order","d__Bacteria;p__Actinobacteriota;c__Thermoleophilia","GXE",108369.031975641,0.398984705790244,0.242373893378222
"order","d__Bacteria;p__Armatimonadota;c__Armatimonadia","Environment",21192.5486589151,2.5480171832772e-06,0.136927286510533
"order","d__Bacteria;p__Armatimonadota;c__Armatimonadia","Maize Genotype",5216.94222186246,0.88334605600643,0.0337072125594179
"order","d__Bacteria;p__Armatimonadota;c__Armatimonadia","GXE",30358.7901871577,0.94700420134632,0.196151337386284
"order","d__Bacteria;p__Bacteroidota;c__Bacteroidia","Environment",3009050.53983846,2.27420443114854e-27,0.355702777998071
"order","d__Bacteria;p__Bacteroidota;c__Bacteroidia","Maize Genotype",493821.405557156,0.0218285914212286,0.0583751065214818
"order","d__Bacteria;p__Bacteroidota;c__Bacteroidia","GXE",1758579.70275194,0.0483006927219955,0.207883409506797
"order","d__Bacteria;p__Chloroflexi;c__Anaerolineae","Environment",1122202.56705555,1.36291820641127e-34,0.399750852604328
"order","d__Bacteria;p__Chloroflexi;c__Anaerolineae","Maize Genotype",177842.995815186,0.00157581892761825,0.0633512088582753
"order","d__Bacteria;p__Chloroflexi;c__Anaerolineae","GXE",618516.850775302,0.00105637081123856,0.220327992205825
"order","d__Bacteria;p__Chloroflexi;c__Chloroflexia","Environment",62217.4679210601,4.66371879991537e-07,0.138104809367032
"order","d__Bacteria;p__Chloroflexi;c__Chloroflexia","Maize Genotype",23363.4310490385,0.400582116837387,0.0518600691895897
"order","d__Bacteria;p__Chloroflexi;c__Chloroflexia","GXE",103632.928539975,0.593634802734374,0.230035170481697
"order","d__Bacteria;p__Deinococcota;c__Deinococci","Environment",255815.091637256,1.77697380975224e-19,0.326456572031873
"order","d__Bacteria;p__Deinococcota;c__Deinococci","Maize Genotype",18380.2808760352,0.942097216327854,0.0234558620031765
"order","d__Bacteria;p__Deinococcota;c__Deinococci","GXE",108195.127576064,0.991034803476964,0.138072426583487
"order","d__Bacteria;p__Firmicutes;c__Bacilli","Environment",171872.210101703,3.18866127768251e-06,0.102947535578713
"order","d__Bacteria;p__Firmicutes;c__Bacilli","Maize Genotype",67688.733784182,0.473057757838863,0.040544008396713
"order","d__Bacteria;p__Firmicutes;c__Bacilli","GXE",624381.792715876,9.61863974472907e-05,0.373990459436589
"order","d__Bacteria;p__Myxococcota;c__Polyangia","Environment",28794.2286473954,3.20889292231663e-06,0.103034963327647
"order","d__Bacteria;p__Myxococcota;c__Polyangia","Maize Genotype",21740.087050422,0.0152264666100162,0.0777929875951963
"order","d__Bacteria;p__Myxococcota;c__Polyangia","GXE",93915.5632631592,0.00106784796810611,0.336059935315898
"order","d__Bacteria;p__Planctomycetota;c__Phycisphaerae","Environment",22828.561858654,2.36498019084098e-05,0.0979014206661443
"order","d__Bacteria;p__Planctomycetota;c__Phycisphaerae","Maize Genotype",13905.2038671947,0.156211654073797,0.059633156993403
"order","d__Bacteria;p__Planctomycetota;c__Phycisphaerae","GXE",74716.1812925028,0.0102643379964498,0.320424052140291
"order","d__Bacteria;p__Planctomycetota;c__Planctomycetes","Environment",417779.2203065,3.32970149008527e-17,0.279712852923888
"order","d__Bacteria;p__Planctomycetota;c__Planctomycetes","Maize Genotype",76620.9572910183,0.253001244286086,0.0512995034600017
"order","d__Bacteria;p__Planctomycetota;c__Planctomycetes","GXE",250913.658269906,0.880957669596369,0.167992498862809
"order","d__Bacteria;p__Proteobacteria;c__Alphaproteobacteria","Environment",555571.444842426,1.42431396187574e-05,0.1027370541485
"order","d__Bacteria;p__Proteobacteria;c__Alphaproteobacteria","Maize Genotype",286969.967924236,0.274446651493356,0.053066890689437
"order","d__Bacteria;p__Proteobacteria;c__Alphaproteobacteria","GXE",1702549.78566782,0.016666289204665,0.3148379045476
"order","d__Bacteria;p__Proteobacteria;c__Gammaproteobacteria","Environment",4534696.05085881,2.53589267386882e-19,0.28093239067182
"order","d__Bacteria;p__Proteobacteria;c__Gammaproteobacteria","Maize Genotype",865766.57020344,0.117522593396672,0.0536357607220292
"order","d__Bacteria;p__Proteobacteria;c__Gammaproteobacteria","GXE",3567098.19564061,0.142684533304556,0.22098800286133
"order","d__Bacteria;p__Verrucomicrobiota;c__Verrucomicrobiae","Environment",81005.6566928157,5.47428855809245e-08,0.131642604353805
"order","d__Bacteria;p__Verrucomicrobiota;c__Verrucomicrobiae","Maize Genotype",47275.1479527645,0.0210104577028102,0.0768270248251111
"order","d__Bacteria;p__Verrucomicrobiota;c__Verrucomicrobiae","GXE",182307.192751872,0.0152852610154405,0.296268120352341
"family","d__Archaea;p__Crenarchaeota;c__Nitrososphaeria;o__Nitrososphaerales;f__Nitrososphaeraceae","Environment",31037.337457997,5.37960673885216e-09,0.143289321263591
"family","d__Archaea;p__Crenarchaeota;c__Nitrososphaeria;o__Nitrososphaerales;f__Nitrososphaeraceae","Maize Genotype",8315.60930715878,0.54014637391395,0.0383904713195355
"family","d__Archaea;p__Crenarchaeota;c__Nitrososphaeria;o__Nitrososphaerales;f__Nitrososphaeraceae","GXE",72403.3868208069,0.0012375487465581,0.334262955666821
"family","d__Bacteria;__;__;__;__","Environment",25839.0889276236,0.00619654450574607,0.0748072135687009
"family","d__Bacteria;__;__;__;__","Maize Genotype",8092.97679867681,0.98515580856898,0.0234301234645287
"family","d__Bacteria;__;__;__;__","GXE",84561.7476867517,0.722252336848894,0.244816244747032
"family","d__Bacteria;p__Acidobacteriota;c__Vicinamibacteria;o__Vicinamibacterales;f__Vicinamibacteraceae","Environment",102472.703329028,3.24457337595472e-11,0.191791623043731
"family","d__Bacteria;p__Acidobacteriota;c__Vicinamibacteria;o__Vicinamibacterales;f__Vicinamibacteraceae","Maize Genotype",25308.7123927425,0.395009120348867,0.0473687027789775
"family","d__Bacteria;p__Acidobacteriota;c__Vicinamibacteria;o__Vicinamibacterales;f__Vicinamibacteraceae","GXE",124822.386155328,0.345149467732578,0.233622098912073
"family","d__Bacteria;p__Acidobacteriota;c__Vicinamibacteria;o__Vicinamibacterales;f__uncultured","Environment",394740.633702985,8.94113078736868e-24,0.316377326895328
"family","d__Bacteria;p__Acidobacteriota;c__Vicinamibacteria;o__Vicinamibacterales;f__uncultured","Maize Genotype",44142.1853028678,0.404251438328828,0.0353791461964052
"family","d__Bacteria;p__Acidobacteriota;c__Vicinamibacteria;o__Vicinamibacterales;f__uncultured","GXE",313554.378701149,0.00616411015687957,0.251308043054005
"family","d__Bacteria;p__Actinobacteriota;c__Actinobacteria;o__Corynebacteriales;f__Mycobacteriaceae","Environment",28990.9841394451,0.0372847598738094,0.0598867522072385
"family","d__Bacteria;p__Actinobacteriota;c__Actinobacteria;o__Corynebacteriales;f__Mycobacteriaceae","Maize Genotype",23689.3795575513,0.647171496125957,0.0489352136747935
"family","d__Bacteria;p__Actinobacteriota;c__Actinobacteria;o__Corynebacteriales;f__Mycobacteriaceae","GXE",102274.894677662,0.945145669854685,0.211269519003636
"family","d__Bacteria;p__Actinobacteriota;c__Actinobacteria;o__Frankiales;f__Geodermatophilaceae","Environment",17704.6849627694,1.22902268266492e-07,0.156635629189982
"family","d__Bacteria;p__Actinobacteriota;c__Actinobacteria;o__Frankiales;f__Geodermatophilaceae","Maize Genotype",7382.39669686623,0.215678732381013,0.0653130148305564
"family","d__Bacteria;p__Actinobacteriota;c__Actinobacteria;o__Frankiales;f__Geodermatophilaceae","GXE",18603.8457643572,0.991672016594304,0.164590620662344
"family","d__Bacteria;p__Actinobacteriota;c__Actinobacteria;o__Kineosporiales;f__Kineosporiaceae","Environment",56319.1484575809,1.52513359717076e-07,0.150444018618355
"family","d__Bacteria;p__Actinobacteriota;c__Actinobacteria;o__Kineosporiales;f__Kineosporiaceae","Maize Genotype",13400.8671251927,0.808640597340311,0.0357974216318823
"family","d__Bacteria;p__Actinobacteriota;c__Actinobacteria;o__Kineosporiales;f__Kineosporiaceae","GXE",81622.1191267655,0.755210450513172,0.218035249926152
"family","d__Bacteria;p__Actinobacteriota;c__Actinobacteria;o__Micromonosporales;f__Micromonosporaceae","Environment",19194.0704317524,5.96793410896167e-05,0.0997489068668694
"family","d__Bacteria;p__Actinobacteriota;c__Actinobacteria;o__Micromonosporales;f__Micromonosporaceae","Maize Genotype",11103.6958501717,0.261176275984235,0.0577043586025695
"family","d__Bacteria;p__Actinobacteriota;c__Actinobacteria;o__Micromonosporales;f__Micromonosporaceae","GXE",52796.9420623253,0.184686442959322,0.274378343840929
"family","d__Bacteria;p__Actinobacteriota;c__Actinobacteria;o__Propionibacteriales;f__Nocardioidaceae","Environment",29030.8069820333,0.000222939468930449,0.0956231010913228
"family","d__Bacteria;p__Actinobacteriota;c__Actinobacteria;o__Propionibacteriales;f__Nocardioidaceae","Maize Genotype",22010.0691385447,0.120652107448075,0.0724978491836142
"family","d__Bacteria;p__Actinobacteriota;c__Actinobacteria;o__Propionibacteriales;f__Nocardioidaceae","GXE",69287.8600199028,0.694349553907024,0.228223764058126
"family","d__Bacteria;p__Actinobacteriota;c__Thermoleophilia;o__Solirubrobacterales;f__Solirubrobacteraceae","Environment",34067.9593760582,1.21167750496796e-11,0.225593141899444
"family","d__Bacteria;p__Actinobacteriota;c__Thermoleophilia;o__Solirubrobacterales;f__Solirubrobacteraceae","Maize Genotype",4024.28908565627,0.949723085059939,0.0266482652724673
"family","d__Bacteria;p__Actinobacteriota;c__Thermoleophilia;o__Solirubrobacterales;f__Solirubrobacteraceae","GXE",22573.7458759606,0.997220174326973,0.149480108285452
"family","d__Bacteria;p__Armatimonadota;c__Armatimonadia;o__Armatimonadales;f__Armatimonadales","Environment",20671.8558215181,6.68803331712784e-07,0.145504243623446
"family","d__Bacteria;p__Armatimonadota;c__Armatimonadia;o__Armatimonadales;f__Armatimonadales","Maize Genotype",4520.21394711964,0.903123676315454,0.0318167036898139
"family","d__Bacteria;p__Armatimonadota;c__Armatimonadia;o__Armatimonadales;f__Armatimonadales","GXE",28334.714189719,0.924778956780939,0.199441268943546
"family","d__Bacteria;p__Bacteroidota;c__Bacteroidia;o__Chitinophagales;f__Chitinophagaceae","Environment",48023.8228495571,3.82765328488613e-06,0.127631136358456
"family","d__Bacteria;p__Bacteroidota;c__Bacteroidia;o__Chitinophagales;f__Chitinophagaceae","Maize Genotype",30574.8781509592,0.0616015260980346,0.0812577219154936
"family","d__Bacteria;p__Bacteroidota;c__Bacteroidia;o__Chitinophagales;f__Chitinophagaceae","GXE",70074.7532458379,0.950509573745207,0.186235077845061
"family","d__Bacteria;p__Bacteroidota;c__Bacteroidia;o__Cytophagales;f__Cytophagaceae","Environment",114918.319747323,1.21946568103348e-22,0.279428717359377
"family","d__Bacteria;p__Bacteroidota;c__Bacteroidia;o__Cytophagales;f__Cytophagaceae","Maize Genotype",19334.0313548017,0.0885933189922877,0.0470115086501172
"family","d__Bacteria;p__Bacteroidota;c__Bacteroidia;o__Cytophagales;f__Cytophagaceae","GXE",124532.231000031,2.57103036330954e-05,0.302805346047108
"family","d__Bacteria;p__Bacteroidota;c__Bacteroidia;o__Cytophagales;f__Hymenobacteraceae","Environment",72913.4253958182,3.86932439898496e-06,0.13256266978368
"family","d__Bacteria;p__Bacteroidota;c__Bacteroidia;o__Cytophagales;f__Hymenobacteraceae","Maize Genotype",26375.5648099772,0.584299195211171,0.0479529698307603
"family","d__Bacteria;p__Bacteroidota;c__Bacteroidia;o__Cytophagales;f__Hymenobacteraceae","GXE",104957.384884184,0.95797410112859,0.190821252440551
"family","d__Bacteria;p__Bacteroidota;c__Bacteroidia;o__Cytophagales;f__Spirosomaceae","Environment",654736.924057886,1.36036333896747e-32,0.436350207036592
"family","d__Bacteria;p__Bacteroidota;c__Bacteroidia;o__Cytophagales;f__Spirosomaceae","Maize Genotype",42712.5009277951,0.584557269699334,0.0284657973883359
"family","d__Bacteria;p__Bacteroidota;c__Bacteroidia;o__Cytophagales;f__Spirosomaceae","GXE",242945.359520037,0.391519941967406,0.161911225760921
"family","d__Bacteria;p__Bacteroidota;c__Bacteroidia;o__Flavobacteriales;f__Flavobacteriaceae","Environment",9491.24071165684,0.0445817693570118,0.0571486886833711
"family","d__Bacteria;p__Bacteroidota;c__Bacteroidia;o__Flavobacteriales;f__Flavobacteriaceae","Maize Genotype",8048.73896149543,0.640959355210711,0.0484630925690564
"family","d__Bacteria;p__Bacteroidota;c__Bacteroidia;o__Flavobacteriales;f__Flavobacteriaceae","GXE",37370.1713532712,0.878185039643266,0.225013394306751
"family","d__Bacteria;p__Bacteroidota;c__Bacteroidia;o__Flavobacteriales;f__Weeksellaceae","Environment",171756.032935785,2.17504702273592e-10,0.183497558361725
"family","d__Bacteria;p__Bacteroidota;c__Bacteroidia;o__Flavobacteriales;f__Weeksellaceae","Maize Genotype",51815.5147930095,0.25618768617628,0.055357708764314
"family","d__Bacteria;p__Bacteroidota;c__Bacteroidia;o__Flavobacteriales;f__Weeksellaceae","GXE",204785.502456623,0.55582087231063,0.218784976843979
"family","d__Bacteria;p__Bacteroidota;c__Bacteroidia;o__Sphingobacteriales;f__Sphingobacteriaceae","Environment",170340.466697595,1.03159175412942e-05,0.106447843356467
"family","d__Bacteria;p__Bacteroidota;c__Bacteroidia;o__Sphingobacteriales;f__Sphingobacteriaceae","Maize Genotype",93599.9066628796,0.195196310746397,0.0584917277485114
"family","d__Bacteria;p__Bacteroidota;c__Bacteroidia;o__Sphingobacteriales;f__Sphingobacteriaceae","GXE",477005.872366973,0.0429344047242947,0.298086810293747
"family","d__Bacteria;p__Chloroflexi;c__Anaerolineae;o__Anaerolineales;f__Anaerolineaceae","Environment",758233.146340508,2.1322251739959e-31,0.354882225421513
"family","d__Bacteria;p__Chloroflexi;c__Anaerolineae;o__Anaerolineales;f__Anaerolineaceae","Maize Genotype",151681.101554969,0.000386496286987771,0.0709925794381459
"family","d__Bacteria;p__Chloroflexi;c__Anaerolineae;o__Anaerolineales;f__Anaerolineaceae","GXE",546443.483024785,3.94384595409663e-05,0.25575653116572
"family","d__Bacteria;p__Chloroflexi;c__Chloroflexia;o__Chloroflexales;f__Roseiflexaceae","Environment",50083.5311881512,1.45635160037214e-13,0.220303115263976
"family","d__Bacteria;p__Chloroflexi;c__Chloroflexia;o__Chloroflexales;f__Roseiflexaceae","Maize Genotype",7804.68986303198,0.700979207035548,0.0343305962999249
"family","d__Bacteria;p__Chloroflexi;c__Chloroflexia;o__Chloroflexales;f__Roseiflexaceae","GXE",55048.872924546,0.190321423824874,0.242144232032851
"family","d__Bacteria;p__Deinococcota;c__Deinococci;o__Deinococcales;f__Deinococcaceae","Environment",258498.328602361,1.07144383244896e-19,0.329108002978677
"family","d__Bacteria;p__Deinococcota;c__Deinococci;o__Deinococcales;f__Deinococcaceae","Maize Genotype",18637.621364373,0.937430198159157,0.0237285493514232
"family","d__Bacteria;p__Deinococcota;c__Deinococci;o__Deinococcales;f__Deinococcaceae","GXE",107811.509776801,0.991260762684411,0.137260580649012
"family","d__Bacteria;p__Firmicutes;c__Bacilli;o__Lactobacillales;f__Streptococcaceae","Environment",34580.3922758219,2.50144501337042e-05,0.099249392990852
"family","d__Bacteria;p__Firmicutes;c__Bacilli;o__Lactobacillales;f__Streptococcaceae","Maize Genotype",16706.9939036008,0.389785078656631,0.0479508442358998
"family","d__Bacteria;p__Firmicutes;c__Bacilli;o__Lactobacillales;f__Streptococcaceae","GXE",112023.130820496,0.0128108217453092,0.321518265211895
"family","d__Bacteria;p__Firmicutes;c__Bacilli;o__Paenibacillales;f__Paenibacillaceae","Environment",63726.5842055627,1.75850708112992e-05,0.11827881328936
"family","d__Bacteria;p__Firmicutes;c__Bacilli;o__Paenibacillales;f__Paenibacillaceae","Maize Genotype",19986.8819360893,0.809531848605554,0.0370963657667507
"family","d__Bacteria;p__Firmicutes;c__Bacilli;o__Paenibacillales;f__Paenibacillaceae","GXE",122049.990064294,0.752820324965222,0.226529134846094
"family","d__Bacteria;p__Planctomycetota;c__Phycisphaerae;o__Tepidisphaerales;f__WD2101_soil_group","Environment",12129.1557034928,3.19184104472779e-05,0.0965168498849383
"family","d__Bacteria;p__Planctomycetota;c__Phycisphaerae;o__Tepidisphaerales;f__WD2101_soil_group","Maize Genotype",6021.01920551147,0.37819823033224,0.0479118102709602
"family","d__Bacteria;p__Planctomycetota;c__Phycisphaerae;o__Tepidisphaerales;f__WD2101_soil_group","GXE",41478.0646622434,0.00705422430098186,0.330058599162899
"family","d__Bacteria;p__Planctomycetota;c__Planctomycetes;o__Gemmatales;f__Gemmataceae","Environment",77112.7410023812,7.75924833834007e-09,0.161087677810609
"family","d__Bacteria;p__Planctomycetota;c__Planctomycetes;o__Gemmatales;f__Gemmataceae","Maize Genotype",34301.6814540454,0.0777540569406745,0.0716558397303082
"family","d__Bacteria;p__Planctomycetota;c__Planctomycetes;o__Gemmatales;f__Gemmataceae","GXE",102501.490718499,0.645987757148986,0.214124500015617
"family","d__Bacteria;p__Planctomycetota;c__Planctomycetes;o__Pirellulales;f__Pirellulaceae","Environment",107251.161888352,6.88916232799357e-09,0.17551065427372
"family","d__Bacteria;p__Planctomycetota;c__Planctomycetes;o__Pirellulales;f__Pirellulaceae","Maize Genotype",22491.3260757394,0.792493153345871,0.0368058236902452
"family","d__Bacteria;p__Planctomycetota;c__Planctomycetes;o__Pirellulales;f__Pirellulaceae","GXE",115021.339494054,0.938493086911353,0.188226124496966
"family","d__Bacteria;p__Proteobacteria;c__Alphaproteobacteria;o__Acetobacterales;f__Acetobacteraceae","Environment",1229.88320454163,0.905991024615799,0.0139830450978236
"family","d__Bacteria;p__Proteobacteria;c__Alphaproteobacteria;o__Acetobacterales;f__Acetobacteraceae","Maize Genotype",10993.9310898386,0.00306271008820003,0.12499449839131
"family","d__Bacteria;p__Proteobacteria;c__Alphaproteobacteria;o__Acetobacterales;f__Acetobacteraceae","GXE",17566.154508095,0.960390475084927,0.199716794062225
"family","d__Bacteria;p__Proteobacteria;c__Alphaproteobacteria;o__Azospirillales;f__Azospirillaceae","Environment",24108.0540403241,0.0241646270296992,0.0484719365360107
"family","d__Bacteria;p__Proteobacteria;c__Alphaproteobacteria;o__Azospirillales;f__Azospirillaceae","Maize Genotype",38542.1318912625,0.0260600760062105,0.077493262951501
"family","d__Bacteria;p__Proteobacteria;c__Alphaproteobacteria;o__Azospirillales;f__Azospirillaceae","GXE",179644.057569449,0.000827828859352391,0.361194451572613
"family","d__Bacteria;p__Proteobacteria;c__Alphaproteobacteria;o__Caulobacterales;f__Caulobacteraceae","Environment",32418.4932935843,4.70159942352266e-06,0.118948388106238
"family","d__Bacteria;p__Proteobacteria;c__Alphaproteobacteria;o__Caulobacterales;f__Caulobacteraceae","Maize Genotype",18953.126766412,0.111632139455,0.0695419080097738
"family","d__Bacteria;p__Proteobacteria;c__Alphaproteobacteria;o__Caulobacterales;f__Caulobacteraceae","GXE",65579.4277845464,0.456042594220606,0.240620906013698
"family","d__Bacteria;p__Proteobacteria;c__Alphaproteobacteria;o__Rhizobiales;f__Beijerinckiaceae","Environment",31309.2690365515,3.69154489865319e-09,0.171463804919823
"family","d__Bacteria;p__Proteobacteria;c__Alphaproteobacteria;o__Rhizobiales;f__Beijerinckiaceae","Maize Genotype",12156.0011710174,0.139432166409238,0.0665717941533277
"family","d__Bacteria;p__Proteobacteria;c__Alphaproteobacteria;o__Rhizobiales;f__Beijerinckiaceae","GXE",35099.5599717976,0.874047704695472,0.192221162900672
"family","d__Bacteria;p__Proteobacteria;c__Alphaproteobacteria;o__Rhizobiales;f__Rhizobiaceae","Environment",102116.885808565,8.09036045168687e-07,0.111311618101879
"family","d__Bacteria;p__Proteobacteria;c__Alphaproteobacteria;o__Rhizobiales;f__Rhizobiaceae","Maize Genotype",72822.9482754135,0.0123903468813657,0.0793800177443904
"family","d__Bacteria;p__Proteobacteria;c__Alphaproteobacteria;o__Rhizobiales;f__Rhizobiaceae","GXE",300416.23599521,0.0016958567374602,0.327466090137057
"family","d__Bacteria;p__Proteobacteria;c__Alphaproteobacteria;o__Rhizobiales;f__Xanthobacteraceae","Environment",117347.681421177,2.15952694257005e-09,0.145153902630144
"family","d__Bacteria;p__Proteobacteria;c__Alphaproteobacteria;o__Rhizobiales;f__Xanthobacteraceae","Maize Genotype",45012.9158718748,0.13169106418502,0.0556789902317223
"family","d__Bacteria;p__Proteobacteria;c__Alphaproteobacteria;o__Rhizobiales;f__Xanthobacteraceae","GXE",265059.853688303,0.00106624654840135,0.327867340261645
"family","d__Bacteria;p__Proteobacteria;c__Alphaproteobacteria;o__Sphingomonadales;f__Sphingomonadaceae","Environment",234177.669839756,1.29060354245306e-08,0.156239747437645
"family","d__Bacteria;p__Proteobacteria;c__Alphaproteobacteria;o__Sphingomonadales;f__Sphingomonadaceae","Maize Genotype",68185.4411487824,0.489339637905173,0.0454922799056801
"family","d__Bacteria;p__Proteobacteria;c__Alphaproteobacteria;o__Sphingomonadales;f__Sphingomonadaceae","GXE",373607.179256542,0.294918895155697,0.24926497632279
"family","d__Bacteria;p__Proteobacteria;c__Gammaproteobacteria;o__Burkholderiales;f__Comamonadaceae","Environment",942756.657227902,2.11595695205199e-26,0.362726324671897
"family","d__Bacteria;p__Proteobacteria;c__Gammaproteobacteria;o__Burkholderiales;f__Comamonadaceae","Maize Genotype",113848.771383977,0.196034701560845,0.0438033994201094
"family","d__Bacteria;p__Proteobacteria;c__Gammaproteobacteria;o__Burkholderiales;f__Comamonadaceae","GXE",496305.956638005,0.213620117743537,0.190954085748296
"family","d__Bacteria;p__Proteobacteria;c__Gammaproteobacteria;o__Burkholderiales;f__Methylophilaceae","Environment",23448.555343849,2.8070829070451e-08,0.170318995784054
"family","d__Bacteria;p__Proteobacteria;c__Gammaproteobacteria;o__Burkholderiales;f__Methylophilaceae","Maize Genotype",4497.34931719936,0.888885985609436,0.0326665761776418
"family","d__Bacteria;p__Proteobacteria;c__Gammaproteobacteria;o__Burkholderiales;f__Methylophilaceae","GXE",24297.5870199652,0.981277387213997,0.176485952355341
"family","d__Bacteria;p__Proteobacteria;c__Gammaproteobacteria;o__Burkholderiales;f__Nitrosomonadaceae","Environment",14133.5018411347,0.00444649745916808,0.072446532993659
"family","d__Bacteria;p__Proteobacteria;c__Gammaproteobacteria;o__Burkholderiales;f__Nitrosomonadaceae","Maize Genotype",17337.1033573501,0.0353619467445513,0.0888677869441518
"family","d__Bacteria;p__Proteobacteria;c__Gammaproteobacteria;o__Burkholderiales;f__Nitrosomonadaceae","GXE",44299.3190782472,0.729263248513986,0.227072675779352
"family","d__Bacteria;p__Proteobacteria;c__Gammaproteobacteria;o__Burkholderiales;f__Oxalobacteraceae","Environment",67202.8853981588,0.000135729631871778,0.0981910505383327
"family","d__Bacteria;p__Proteobacteria;c__Gammaproteobacteria;o__Burkholderiales;f__Oxalobacteraceae","Maize Genotype",44806.1395895603,0.187274680168092,0.0654668604004113
"family","d__Bacteria;p__Proteobacteria;c__Gammaproteobacteria;o__Burkholderiales;f__Oxalobacteraceae","GXE",164826.796079375,0.550154922799729,0.240830675171349
"family","d__Bacteria;p__Proteobacteria;c__Gammaproteobacteria;o__Enterobacterales;f__Enterobacteriaceae","Environment",457421.671272917,9.95267968414952e-09,0.159111346333495
"family","d__Bacteria;p__Proteobacteria;c__Gammaproteobacteria;o__Enterobacterales;f__Enterobacteriaceae","Maize Genotype",178873.676656981,0.167385273384103,0.0622201205231785
"family","d__Bacteria;p__Proteobacteria;c__Gammaproteobacteria;o__Enterobacterales;f__Enterobacteriaceae","GXE",650163.660208665,0.522793417382178,0.226155474936369
"family","d__Bacteria;p__Proteobacteria;c__Gammaproteobacteria;o__Enterobacterales;f__Erwiniaceae","Environment",235056.02935464,3.9140506548359e-10,0.152666542979174
"family","d__Bacteria;p__Proteobacteria;c__Gammaproteobacteria;o__Enterobacterales;f__Erwiniaceae","Maize Genotype",114589.337352035,0.015136353775532,0.0744246299226627
"family","d__Bacteria;p__Proteobacteria;c__Gammaproteobacteria;o__Enterobacterales;f__Erwiniaceae","GXE",478873.988218344,0.00202583096277548,0.311023871647398
"family","d__Bacteria;p__Proteobacteria;c__Gammaproteobacteria;o__Pseudomonadales;f__Moraxellaceae","Environment",110921.274465018,0.00127534704130545,0.0722430828279302
"family","d__Bacteria;p__Proteobacteria;c__Gammaproteobacteria;o__Pseudomonadales;f__Moraxellaceae","Maize Genotype",71369.9718266258,0.431087911583977,0.0464832991774186
"family","d__Bacteria;p__Proteobacteria;c__Gammaproteobacteria;o__Pseudomonadales;f__Moraxellaceae","GXE",533664.672430677,0.00376345962219826,0.347576074280581
"family","d__Bacteria;p__Proteobacteria;c__Gammaproteobacteria;o__Pseudomonadales;f__Pseudomonadaceae","Environment",488218.114647184,3.57974016784162e-18,0.264871084944715
"family","d__Bacteria;p__Proteobacteria;c__Gammaproteobacteria;o__Pseudomonadales;f__Pseudomonadaceae","Maize Genotype",63419.4018354063,0.575767699022749,0.0344066827238235
"family","d__Bacteria;p__Proteobacteria;c__Gammaproteobacteria;o__Pseudomonadales;f__Pseudomonadaceae","GXE",466477.721216083,0.0339278957340026,0.253076353404731
"family","d__Bacteria;p__Proteobacteria;c__Gammaproteobacteria;o__Xanthomonadales;f__Xanthomonadaceae","Environment",39664.8056581991,5.90473972938417e-10,0.133877353221171
"family","d__Bacteria;p__Proteobacteria;c__Gammaproteobacteria;o__Xanthomonadales;f__Xanthomonadaceae","Maize Genotype",9918.09230791907,0.511716519513535,0.0334757204820184
"family","d__Bacteria;p__Proteobacteria;c__Gammaproteobacteria;o__Xanthomonadales;f__Xanthomonadaceae","GXE",124680.142059394,2.81069364983887e-08,0.420822619477549
"family","d__Bacteria;p__Verrucomicrobiota;c__Verrucomicrobiae;o__Chthoniobacterales;f__Chthoniobacteraceae","Environment",36055.2546624119,1.74101522783084e-05,0.0988601003481851
"family","d__Bacteria;p__Verrucomicrobiota;c__Verrucomicrobiae;o__Chthoniobacterales;f__Chthoniobacteraceae","Maize Genotype",20594.0829210956,0.19164744329123,0.056467028820652
"family","d__Bacteria;p__Verrucomicrobiota;c__Verrucomicrobiae;o__Chthoniobacterales;f__Chthoniobacteraceae","GXE",119771.632747374,0.00568883749666179,0.328402496200239
"genus","d__Bacteria;__;__;__;__;__","Environment",25839.0889276236,0.00619654450574607,0.0748072135687009
"genus","d__Bacteria;__;__;__;__;__","Maize Genotype",8092.97679867681,0.98515580856898,0.0234301234645287
"genus","d__Bacteria;__;__;__;__;__","GXE",84561.7476867517,0.722252336848894,0.244816244747032
"genus","d__Bacteria;p__Acidobacteriota;c__Vicinamibacteria;o__Vicinamibacterales;f__Vicinamibacteraceae;g__Vicinamibacteraceae","Environment",57281.899309331,2.8088612888827e-10,0.187521417328943
"genus","d__Bacteria;p__Acidobacteriota;c__Vicinamibacteria;o__Vicinamibacterales;f__Vicinamibacteraceae;g__Vicinamibacteraceae","Maize Genotype",16102.2881240613,0.341868748437252,0.0527134038443294
"genus","d__Bacteria;p__Acidobacteriota;c__Vicinamibacteria;o__Vicinamibacterales;f__Vicinamibacteraceae;g__Vicinamibacteraceae","GXE",61059.2021653011,0.796831314796742,0.199887019618195
"genus","d__Bacteria;p__Acidobacteriota;c__Vicinamibacteria;o__Vicinamibacterales;f__uncultured;g__uncultured","Environment",394740.633702985,8.94113078736868e-24,0.316377326895328
"genus","d__Bacteria;p__Acidobacteriota;c__Vicinamibacteria;o__Vicinamibacterales;f__uncultured;g__uncultured","Maize Genotype",44142.1853028678,0.404251438328828,0.0353791461964052
"genus","d__Bacteria;p__Acidobacteriota;c__Vicinamibacteria;o__Vicinamibacterales;f__uncultured;g__uncultured","GXE",313554.378701149,0.00616411015687957,0.251308043054005
"genus","d__Bacteria;p__Actinobacteriota;c__Actinobacteria;o__Corynebacteriales;f__Mycobacteriaceae;g__Mycobacterium","Environment",28990.9841394451,0.0372847598738094,0.0598867522072385
"genus","d__Bacteria;p__Actinobacteriota;c__Actinobacteria;o__Corynebacteriales;f__Mycobacteriaceae;g__Mycobacterium","Maize Genotype",23689.3795575513,0.647171496125957,0.0489352136747935
"genus","d__Bacteria;p__Actinobacteriota;c__Actinobacteria;o__Corynebacteriales;f__Mycobacteriaceae;g__Mycobacterium","GXE",102274.894677662,0.945145669854685,0.211269519003636
"genus","d__Bacteria;p__Actinobacteriota;c__Actinobacteria;o__Kineosporiales;f__Kineosporiaceae;g__Quadrisphaera","Environment",51297.2192719811,1.29490943177758e-07,0.151702815275879
"genus","d__Bacteria;p__Actinobacteriota;c__Actinobacteria;o__Kineosporiales;f__Kineosporiaceae;g__Quadrisphaera","Maize Genotype",12074.2252574438,0.810462243178495,0.0357074708887747
"genus","d__Bacteria;p__Actinobacteriota;c__Actinobacteria;o__Kineosporiales;f__Kineosporiaceae;g__Quadrisphaera","GXE",73333.9006473846,0.764531935268043,0.216872558420459
"genus","d__Bacteria;p__Actinobacteriota;c__Actinobacteria;o__Propionibacteriales;f__Nocardioidaceae;g__Nocardioides","Environment",8715.43830787788,0.107897356172986,0.0462677378292861
"genus","d__Bacteria;p__Actinobacteriota;c__Actinobacteria;o__Propionibacteriales;f__Nocardioidaceae;g__Nocardioides","Maize Genotype",12018.1711858747,0.293276533717846,0.0638009901478984
"genus","d__Bacteria;p__Actinobacteriota;c__Actinobacteria;o__Propionibacteriales;f__Nocardioidaceae;g__Nocardioides","GXE",45568.4297512603,0.718965393364295,0.241909596114956
"genus","d__Bacteria;p__Actinobacteriota;c__Thermoleophilia;o__Solirubrobacterales;f__Solirubrobacteraceae;g__uncultured","Environment",32612.81132607,5.19081859799737e-16,0.292248147654948
"genus","d__Bacteria;p__Actinobacteriota;c__Thermoleophilia;o__Solirubrobacterales;f__Solirubrobacteraceae;g__uncultured","Maize Genotype",2628.38678680959,0.964116000004062,0.0235533564428346
"genus","d__Bacteria;p__Actinobacteriota;c__Thermoleophilia;o__Solirubrobacterales;f__Solirubrobacteraceae;g__uncultured","GXE",13391.1620046081,0.999847287021605,0.12000015121866
"genus","d__Bacteria;p__Armatimonadota;c__Armatimonadia;o__Armatimonadales;f__Armatimonadales;g__Armatimonadales","Environment",20671.8558215181,6.68803331712784e-07,0.145504243623446
"genus","d__Bacteria;p__Armatimonadota;c__Armatimonadia;o__Armatimonadales;f__Armatimonadales;g__Armatimonadales","Maize Genotype",4520.21394711964,0.903123676315454,0.0318167036898139
"genus","d__Bacteria;p__Armatimonadota;c__Armatimonadia;o__Armatimonadales;f__Armatimonadales;g__Armatimonadales","GXE",28334.714189719,0.924778956780939,0.199441268943546
"genus","d__Bacteria;p__Bacteroidota;c__Bacteroidia;o__Chitinophagales;f__Chitinophagaceae;g__Edaphobaculum","Environment",25184.5577856467,7.63298239315921e-07,0.137100372929117
"genus","d__Bacteria;p__Bacteroidota;c__Bacteroidia;o__Chitinophagales;f__Chitinophagaceae;g__Edaphobaculum","Maize Genotype",13857.7524812402,0.085602514694356,0.0754392056159204
"genus","d__Bacteria;p__Bacteroidota;c__Bacteroidia;o__Chitinophagales;f__Chitinophagaceae;g__Edaphobaculum","GXE",35986.5157713876,0.894126085779902,0.195904362294924
"genus","d__Bacteria;p__Bacteroidota;c__Bacteroidia;o__Cytophagales;f__Cytophagaceae;g__Siphonobacter","Environment",116237.752427439,6.39223701318451e-23,0.281982304255548
"genus","d__Bacteria;p__Bacteroidota;c__Bacteroidia;o__Cytophagales;f__Cytophagaceae;g__Siphonobacter","Maize Genotype",18826.9925006697,0.101927865339417,0.045672585856775
"genus","d__Bacteria;p__Bacteroidota;c__Bacteroidia;o__Cytophagales;f__Cytophagaceae;g__Siphonobacter","GXE",125069.81652083,2.14398268730678e-05,0.303408095208808
"genus","d__Bacteria;p__Bacteroidota;c__Bacteroidia;o__Cytophagales;f__Hymenobacteraceae;g__Hymenobacter","Environment",72859.57796405,3.88648500644022e-06,0.132363831480297
"genus","d__Bacteria;p__Bacteroidota;c__Bacteroidia;o__Cytophagales;f__Hymenobacteraceae;g__Hymenobacter","Maize Genotype",26775.3808519957,0.566880316061334,0.0486427741959063
"genus","d__Bacteria;p__Bacteroidota;c__Bacteroidia;o__Cytophagales;f__Hymenobacteraceae;g__Hymenobacter","GXE",105192.862959813,0.95663030975354,0.191103637638593
"genus","d__Bacteria;p__Bacteroidota;c__Bacteroidia;o__Cytophagales;f__Spirosomaceae;g__Spirosoma","Environment",41292.9843073768,8.9862472772077e-07,0.140295702684719
"genus","d__Bacteria;p__Bacteroidota;c__Bacteroidia;o__Cytophagales;f__Spirosomaceae;g__Spirosoma","Maize Genotype",25676.5416181687,0.0402262616250434,0.0872377840753656
"genus","d__Bacteria;p__Bacteroidota;c__Bacteroidia;o__Cytophagales;f__Spirosomaceae;g__Spirosoma","GXE",47557.9809193019,0.993249395426107,0.161581451746706
"genus","d__Bacteria;p__Bacteroidota;c__Bacteroidia;o__Flavobacteriales;f__Flavobacteriaceae;g__Flavobacterium","Environment",9416.89177226989,0.0462835907662728,0.056720498370326
"genus","d__Bacteria;p__Bacteroidota;c__Bacteroidia;o__Flavobacteriales;f__Flavobacteriaceae;g__Flavobacterium","Maize Genotype",8053.04554978321,0.639180109236094,0.0485056819201966
"genus","d__Bacteria;p__Bacteroidota;c__Bacteroidia;o__Flavobacteriales;f__Flavobacteriaceae;g__Flavobacterium","GXE",37511.1762403931,0.87257926961479,0.22594000889737
"genus","d__Bacteria;p__Bacteroidota;c__Bacteroidia;o__Flavobacteriales;f__Weeksellaceae;g__Chryseobacterium","Environment",172338.646271768,2.09782327243792e-10,0.183634348561113
"genus","d__Bacteria;p__Bacteroidota;c__Bacteroidia;o__Flavobacteriales;f__Weeksellaceae;g__Chryseobacterium","Maize Genotype",51979.8360065051,0.254989695513715,0.0553867836951423
"genus","d__Bacteria;p__Bacteroidota;c__Bacteroidia;o__Flavobacteriales;f__Weeksellaceae;g__Chryseobacterium","GXE",205515.008829334,0.552238342282241,0.218985210701917
"genus","d__Bacteria;p__Bacteroidota;c__Bacteroidia;o__Sphingobacteriales;f__Sphingobacteriaceae;g__Pedobacter","Environment",51425.5423580064,0.00583645495884645,0.0663445163444342
"genus","d__Bacteria;p__Bacteroidota;c__Bacteroidia;o__Sphingobacteriales;f__Sphingobacteriaceae;g__Pedobacter","Maize Genotype",27239.7410441932,0.800492029637432,0.035142214589464
"genus","d__Bacteria;p__Bacteroidota;c__Bacteroidia;o__Sphingobacteriales;f__Sphingobacteriaceae;g__Pedobacter","GXE",248117.782734102,0.0446368672433488,0.320098797934886
"genus","d__Bacteria;p__Chloroflexi;c__Anaerolineae;o__Anaerolineales;f__Anaerolineaceae;__","Environment",363601.261537288,3.15538876243987e-17,0.237495051974764
"genus","d__Bacteria;p__Chloroflexi;c__Anaerolineae;o__Anaerolineales;f__Anaerolineaceae;__","Maize Genotype",102792.987748946,0.0179092599994275,0.0671417526574603
"genus","d__Bacteria;p__Chloroflexi;c__Anaerolineae;o__Anaerolineales;f__Anaerolineaceae;__","GXE",414271.778110781,0.00554894408447526,0.270591738483306
"genus","d__Bacteria;p__Chloroflexi;c__Chloroflexia;o__Chloroflexales;f__Roseiflexaceae;g__uncultured","Environment",42937.5471639051,6.82610817925197e-14,0.223408348727337
"genus","d__Bacteria;p__Chloroflexi;c__Chloroflexia;o__Chloroflexales;f__Roseiflexaceae;g__uncultured","Maize Genotype",5957.21621444451,0.782233576099361,0.030995991280088
"genus","d__Bacteria;p__Chloroflexi;c__Chloroflexia;o__Chloroflexales;f__Roseiflexaceae;g__uncultured","GXE",47536.1661950192,0.144890113627487,0.247335423095269
"genus","d__Bacteria;p__Deinococcota;c__Deinococci;o__Deinococcales;f__Deinococcaceae;g__Deinococcus","Environment",258498.328602361,1.07144383244896e-19,0.329108002978677
"genus","d__Bacteria;p__Deinococcota;c__Deinococci;o__Deinococcales;f__Deinococcaceae;g__Deinococcus","Maize Genotype",18637.621364373,0.937430198159157,0.0237285493514232
"genus","d__Bacteria;p__Deinococcota;c__Deinococci;o__Deinococcales;f__Deinococcaceae;g__Deinococcus","GXE",107811.509776801,0.991260762684411,0.137260580649012
"genus","d__Bacteria;p__Firmicutes;c__Bacilli;o__Lactobacillales;f__Streptococcaceae;g__Lactococcus","Environment",37491.679697085,5.19220889374974e-06,0.108406341648799
"genus","d__Bacteria;p__Firmicutes;c__Bacilli;o__Lactobacillales;f__Streptococcaceae;g__Lactococcus","Maize Genotype",18893.91604809,0.234472565368253,0.0546313297974806
"genus","d__Bacteria;p__Firmicutes;c__Bacilli;o__Lactobacillales;f__Streptococcaceae;g__Lactococcus","GXE",108407.960284866,0.0150683809948599,0.313459158806489
"genus","d__Bacteria;p__Planctomycetota;c__Phycisphaerae;o__Tepidisphaerales;f__WD2101_soil_group;g__WD2101_soil_group","Environment",12129.1557034928,3.19184104472779e-05,0.0965168498849383
"genus","d__Bacteria;p__Planctomycetota;c__Phycisphaerae;o__Tepidisphaerales;f__WD2101_soil_group;g__WD2101_soil_group","Maize Genotype",6021.01920551147,0.37819823033224,0.0479118102709602
"genus","d__Bacteria;p__Planctomycetota;c__Phycisphaerae;o__Tepidisphaerales;f__WD2101_soil_group;g__WD2101_soil_group","GXE",41478.0646622434,0.00705422430098186,0.330058599162899
"genus","d__Bacteria;p__Planctomycetota;c__Planctomycetes;o__Gemmatales;f__Gemmataceae;g__uncultured","Environment",32743.7400929067,4.82079163683953e-06,0.115310847705297
"genus","d__Bacteria;p__Planctomycetota;c__Planctomycetes;o__Gemmatales;f__Gemmataceae;g__uncultured","Maize Genotype",12595.0540950038,0.529868112222338,0.0443549319799173
"genus","d__Bacteria;p__Planctomycetota;c__Planctomycetes;o__Gemmatales;f__Gemmataceae;g__uncultured","GXE",81225.8789939391,0.0991168242272851,0.28604627742046
"genus","d__Bacteria;p__Planctomycetota;c__Planctomycetes;o__Pirellulales;f__Pirellulaceae;g__Pir4_lineage","Environment",47915.294017343,6.07249247663962e-08,0.150144347909392
"genus","d__Bacteria;p__Planctomycetota;c__Planctomycetes;o__Pirellulales;f__Pirellulaceae;g__Pir4_lineage","Maize Genotype",14048.6519579137,0.565879488947543,0.0440219710738597
"genus","d__Bacteria;p__Planctomycetota;c__Planctomycetes;o__Pirellulales;f__Pirellulaceae;g__Pir4_lineage","GXE",75982.2031009312,0.467495164019571,0.238093046724894
"genus","d__Bacteria;p__Planctomycetota;c__Planctomycetes;o__Pirellulales;f__Pirellulaceae;g__uncultured","Environment",7405.00906264973,0.0612183917673449,0.0539437070921277
"genus","d__Bacteria;p__Planctomycetota;c__Planctomycetes;o__Pirellulales;f__Pirellulaceae;g__uncultured","Maize Genotype",5441.81285436278,0.819911848722163,0.0396422956653182
"genus","d__Bacteria;p__Planctomycetota;c__Planctomycetes;o__Pirellulales;f__Pirellulaceae;g__uncultured","GXE",32425.9459954905,0.816554331462241,0.236215204892671
"genus","d__Bacteria;p__Proteobacteria;c__Alphaproteobacteria;o__Azospirillales;f__Azospirillaceae;g__Azospirillum","Environment",24737.1900866715,0.0203164823270712,0.0512683853812344
"genus","d__Bacteria;p__Proteobacteria;c__Alphaproteobacteria;o__Azospirillales;f__Azospirillaceae;g__Azospirillum","Maize Genotype",37527.7626122177,0.031982662488068,0.0777771359381399
"genus","d__Bacteria;p__Proteobacteria;c__Alphaproteobacteria;o__Azospirillales;f__Azospirillaceae;g__Azospirillum","GXE",165340.687129043,0.00404334559660763,0.342672309879575
"genus","d__Bacteria;p__Proteobacteria;c__Alphaproteobacteria;o__Caulobacterales;f__Caulobacteraceae;g__Brevundimonas","Environment",23808.4076112206,7.25074919385376e-05,0.100580834570846
"genus","d__Bacteria;p__Proteobacteria;c__Alphaproteobacteria;o__Caulobacterales;f__Caulobacteraceae;g__Brevundimonas","Maize Genotype",16263.9421733723,0.131309329057924,0.0687085379216544
"genus","d__Bacteria;p__Proteobacteria;c__Alphaproteobacteria;o__Caulobacterales;f__Caulobacteraceae;g__Brevundimonas","GXE",59045.441647846,0.415391915130389,0.249442965507093
"genus","d__Bacteria;p__Proteobacteria;c__Alphaproteobacteria;o__Rhizobiales;f__Beijerinckiaceae;g__Methylobacterium-Methylorubrum","Environment",33220.2505512342,2.38587518535268e-10,0.19027126328108
"genus","d__Bacteria;p__Proteobacteria;c__Alphaproteobacteria;o__Rhizobiales;f__Beijerinckiaceae;g__Methylobacterium-Methylorubrum","Maize Genotype",11714.9005830025,0.127441091588487,0.0670978964984758
"genus","d__Bacteria;p__Proteobacteria;c__Alphaproteobacteria;o__Rhizobiales;f__Beijerinckiaceae;g__Methylobacterium-Methylorubrum","GXE",31112.270989689,0.934772792803294,0.178197665776831
"genus","d__Bacteria;p__Proteobacteria;c__Alphaproteobacteria;o__Rhizobiales;f__Rhizobiaceae;__","Environment",91960.8249130162,5.01692037550953e-08,0.134245070173673
"genus","d__Bacteria;p__Proteobacteria;c__Alphaproteobacteria;o__Rhizobiales;f__Rhizobiaceae;__","Maize Genotype",51388.5162923105,0.0288822653320726,0.0750173237604975
"genus","d__Bacteria;p__Proteobacteria;c__Alphaproteobacteria;o__Rhizobiales;f__Rhizobiaceae;__","GXE",197166.512581149,0.0287959850156799,0.287825085762235
"genus","d__Bacteria;p__Proteobacteria;c__Alphaproteobacteria;o__Rhizobiales;f__Xanthobacteraceae;__","Environment",37304.9603689054,3.85984344829826e-07,0.135765050747046
"genus","d__Bacteria;p__Proteobacteria;c__Alphaproteobacteria;o__Rhizobiales;f__Xanthobacteraceae;__","Maize Genotype",8492.01577097057,0.868304059306599,0.0309052453263433
"genus","d__Bacteria;p__Proteobacteria;c__Alphaproteobacteria;o__Rhizobiales;f__Xanthobacteraceae;__","GXE",73897.8845048586,0.206171000604173,0.268938766874124
"genus","d__Bacteria;p__Proteobacteria;c__Alphaproteobacteria;o__Sphingomonadales;f__Sphingomonadaceae;g__Sphingomonas","Environment",206396.784066988,2.12524425729983e-09,0.165119454749189
"genus","d__Bacteria;p__Proteobacteria;c__Alphaproteobacteria;o__Sphingomonadales;f__Sphingomonadaceae;g__Sphingomonas","Maize Genotype",64590.4143660804,0.315351980819854,0.0516729659832778
"genus","d__Bacteria;p__Proteobacteria;c__Alphaproteobacteria;o__Sphingomonadales;f__Sphingomonadaceae;g__Sphingomonas","GXE",309305.669043415,0.261669995581779,0.247447573634219
"genus","d__Bacteria;p__Proteobacteria;c__Gammaproteobacteria;o__Burkholderiales;f__Comamonadaceae;__","Environment",319384.37383194,5.95826261231640e-11,0.207764946908487
"genus","d__Bacteria;p__Proteobacteria;c__Gammaproteobacteria;o__Burkholderiales;f__Comamonadaceae;__","Maize Genotype",32996.9149871335,0.982350522412305,0.0214650523073276
"genus","d__Bacteria;p__Proteobacteria;c__Gammaproteobacteria;o__Burkholderiales;f__Comamonadaceae;__","GXE",286752.223447792,0.926528326730619,0.186537180156067
"genus","d__Bacteria;p__Proteobacteria;c__Gammaproteobacteria;o__Burkholderiales;f__Comamonadaceae;g__Delftia","Environment",308211.375941589,5.30064291257023e-22,0.372885594862639
"genus","d__Bacteria;p__Proteobacteria;c__Gammaproteobacteria;o__Burkholderiales;f__Comamonadaceae;g__Delftia","Maize Genotype",22239.5198006595,0.888799851962562,0.0269061988545807
"genus","d__Bacteria;p__Proteobacteria;c__Gammaproteobacteria;o__Burkholderiales;f__Comamonadaceae;g__Delftia","GXE",73723.0386365291,0.999997946119047,0.0891928762625339
"genus","d__Bacteria;p__Proteobacteria;c__Gammaproteobacteria;o__Enterobacterales;f__Enterobacteriaceae;__","Environment",458697.192010892,1.10043361335578e-08,0.159355253784103
"genus","d__Bacteria;p__Proteobacteria;c__Gammaproteobacteria;o__Enterobacterales;f__Enterobacteriaceae;__","Maize Genotype",176668.645664577,0.183606001752213,0.061376170065815
"genus","d__Bacteria;p__Proteobacteria;c__Gammaproteobacteria;o__Enterobacterales;f__Enterobacteriaceae;__","GXE",642985.710808911,0.564499507264567,0.223378631720668
"genus","d__Bacteria;p__Proteobacteria;c__Gammaproteobacteria;o__Enterobacterales;f__Erwiniaceae;__","Environment",235056.02935464,3.9140506548359e-10,0.152666542979174
"genus","d__Bacteria;p__Proteobacteria;c__Gammaproteobacteria;o__Enterobacterales;f__Erwiniaceae;__","Maize Genotype",114589.337352035,0.015136353775532,0.0744246299226627
"genus","d__Bacteria;p__Proteobacteria;c__Gammaproteobacteria;o__Enterobacterales;f__Erwiniaceae;__","GXE",478873.988218344,0.00202583096277548,0.311023871647398
"genus","d__Bacteria;p__Proteobacteria;c__Gammaproteobacteria;o__Pseudomonadales;f__Moraxellaceae;g__Acinetobacter","Environment",126011.356062943,0.000193718636244752,0.0843956831880204
"genus","d__Bacteria;p__Proteobacteria;c__Gammaproteobacteria;o__Pseudomonadales;f__Moraxellaceae;g__Acinetobacter","Maize Genotype",66122.6163889821,0.472227933438179,0.0442854006073871
"genus","d__Bacteria;p__Proteobacteria;c__Gammaproteobacteria;o__Pseudomonadales;f__Moraxellaceae;g__Acinetobacter","GXE",514594.60391742,0.00345166521343222,0.344648010460154
"genus","d__Bacteria;p__Proteobacteria;c__Gammaproteobacteria;o__Pseudomonadales;f__Pseudomonadaceae;g__Pseudomonas","Environment",488218.114647184,3.57974016784162e-18,0.264871084944715
"genus","d__Bacteria;p__Proteobacteria;c__Gammaproteobacteria;o__Pseudomonadales;f__Pseudomonadaceae;g__Pseudomonas","Maize Genotype",63419.4018354063,0.575767699022749,0.0344066827238235
"genus","d__Bacteria;p__Proteobacteria;c__Gammaproteobacteria;o__Pseudomonadales;f__Pseudomonadaceae;g__Pseudomonas","GXE",466477.721216083,0.0339278957340026,0.253076353404731
"genus","d__Bacteria;p__Verrucomicrobiota;c__Verrucomicrobiae;o__Chthoniobacterales;f__Chthoniobacteraceae;g__Candidatus_Udaeobacter","Environment",37327.84603307,1.13346145814097e-07,0.118748085409641
"genus","d__Bacteria;p__Verrucomicrobiota;c__Verrucomicrobiae;o__Chthoniobacterales;f__Chthoniobacteraceae;g__Candidatus_Udaeobacter","Maize Genotype",21170.5385945316,0.0351704282701073,0.0673481379816112
"genus","d__Bacteria;p__Verrucomicrobiota;c__Verrucomicrobiae;o__Chthoniobacterales;f__Chthoniobacteraceae;g__Candidatus_Udaeobacter","GXE",110249.608411061,0.000167521053118516,0.350728244656215
"species","d__Bacteria;__;__;__;__;__;__","Environment",25839.0889276236,0.00619654450574607,0.0748072135687009
"species","d__Bacteria;__;__;__;__;__;__","Maize Genotype",8092.97679867681,0.98515580856898,0.0234301234645287
"species","d__Bacteria;__;__;__;__;__;__","GXE",84561.7476867517,0.722252336848894,0.244816244747032
"species","d__Bacteria;p__Acidobacteriota;c__Vicinamibacteria;o__Vicinamibacterales;f__Vicinamibacteraceae;g__Vicinamibacteraceae;__","Environment",27996.1084729054,1.40237611016845e-07,0.143073481804508
"species","d__Bacteria;p__Acidobacteriota;c__Vicinamibacteria;o__Vicinamibacterales;f__Vicinamibacteraceae;g__Vicinamibacteraceae;__","Maize Genotype",15462.3018157538,0.0462361823122656,0.0790197451775514
"species","d__Bacteria;p__Acidobacteriota;c__Vicinamibacteria;o__Vicinamibacterales;f__Vicinamibacteraceae;g__Vicinamibacteraceae;__","GXE",41834.1020745779,0.689532796221882,0.213792236437706
"species","d__Bacteria;p__Acidobacteriota;c__Vicinamibacteria;o__Vicinamibacterales;f__uncultured;g__uncultured;__","Environment",69853.4777689118,4.38828082818332e-10,0.157182451583542
"species","d__Bacteria;p__Acidobacteriota;c__Vicinamibacteria;o__Vicinamibacterales;f__uncultured;g__uncultured;__","Maize Genotype",26386.9869778442,0.099647010500864,0.0593753014961044
"species","d__Bacteria;p__Acidobacteriota;c__Vicinamibacteria;o__Vicinamibacterales;f__uncultured;g__uncultured;__","GXE",135857.806132581,0.005134755322295,0.305703648790762
"species","d__Bacteria;p__Actinobacteriota;c__Actinobacteria;o__Corynebacteriales;f__Mycobacteriaceae;g__Mycobacterium;__","Environment",28990.9841394451,0.0372847598738094,0.0598867522072385
"species","d__Bacteria;p__Actinobacteriota;c__Actinobacteria;o__Corynebacteriales;f__Mycobacteriaceae;g__Mycobacterium;__","Maize Genotype",23689.3795575513,0.647171496125957,0.0489352136747935
"species","d__Bacteria;p__Actinobacteriota;c__Actinobacteria;o__Corynebacteriales;f__Mycobacteriaceae;g__Mycobacterium;__","GXE",102274.894677662,0.945145669854685,0.211269519003636
"species","d__Bacteria;p__Actinobacteriota;c__Actinobacteria;o__Kineosporiales;f__Kineosporiaceae;g__Quadrisphaera;__","Environment",51297.2192719811,1.29490943177758e-07,0.151702815275879
"species","d__Bacteria;p__Actinobacteriota;c__Actinobacteria;o__Kineosporiales;f__Kineosporiaceae;g__Quadrisphaera;__","Maize Genotype",12074.2252574438,0.810462243178495,0.0357074708887747
"species","d__Bacteria;p__Actinobacteriota;c__Actinobacteria;o__Kineosporiales;f__Kineosporiaceae;g__Quadrisphaera;__","GXE",73333.9006473846,0.764531935268043,0.216872558420459
"species","d__Bacteria;p__Actinobacteriota;c__Actinobacteria;o__Propionibacteriales;f__Nocardioidaceae;g__Nocardioides;__","Environment",7798.90000413271,0.0628750316740384,0.0491211579895082
"species","d__Bacteria;p__Actinobacteriota;c__Actinobacteria;o__Propionibacteriales;f__Nocardioidaceae;g__Nocardioides;__","Maize Genotype",10379.1440657327,0.214843112225876,0.0653727545139131
"species","d__Bacteria;p__Actinobacteriota;c__Actinobacteria;o__Propionibacteriales;f__Nocardioidaceae;g__Nocardioides;__","GXE",43191.8379628952,0.343562908682679,0.272042607971424
"species","d__Bacteria;p__Armatimonadota;c__Armatimonadia;o__Armatimonadales;f__Armatimonadales;g__Armatimonadales;s__uncultured_bacterium","Environment",18406.3070120154,1.86943802652589e-06,0.136991696687556
"species","d__Bacteria;p__Armatimonadota;c__Armatimonadia;o__Armatimonadales;f__Armatimonadales;g__Armatimonadales;s__uncultured_bacterium","Maize Genotype",3653.9317277853,0.954298908387966,0.0271949341409466
"species","d__Bacteria;p__Armatimonadota;c__Armatimonadia;o__Armatimonadales;f__Armatimonadales;g__Armatimonadales;s__uncultured_bacterium","GXE",28722.0132453658,0.851610743441786,0.213767885333903
"species","d__Bacteria;p__Bacteroidota;c__Bacteroidia;o__Cytophagales;f__Cytophagaceae;g__Siphonobacter;s__Siphonobacter_sp.","Environment",117916.364531185,2.27171671488305e-23,0.28724366272993
"species","d__Bacteria;p__Bacteroidota;c__Bacteroidia;o__Cytophagales;f__Cytophagaceae;g__Siphonobacter;s__Siphonobacter_sp.","Maize Genotype",18746.3894463546,0.0998637520551565,0.0456661091014935
"species","d__Bacteria;p__Bacteroidota;c__Bacteroidia;o__Cytophagales;f__Cytophagaceae;g__Siphonobacter;s__Siphonobacter_sp.","GXE",122955.219575145,2.72992439592442e-05,0.29951828792336
"species","d__Bacteria;p__Bacteroidota;c__Bacteroidia;o__Cytophagales;f__Hymenobacteraceae;g__Hymenobacter;__","Environment",31927.0811123078,0.00024517782839066,0.0997999869089071
"species","d__Bacteria;p__Bacteroidota;c__Bacteroidia;o__Cytophagales;f__Hymenobacteraceae;g__Hymenobacter;__","Maize Genotype",20153.6821195293,0.285271861993559,0.0629978420081731
"species","d__Bacteria;p__Bacteroidota;c__Bacteroidia;o__Cytophagales;f__Hymenobacteraceae;g__Hymenobacter;__","GXE",64682.7371478862,0.928626398222055,0.202189993437979
"species","d__Bacteria;p__Bacteroidota;c__Bacteroidia;o__Cytophagales;f__Spirosomaceae;g__Spirosoma;__","Environment",25438.9085596441,2.41916087603153e-06,0.141781870667168
"species","d__Bacteria;p__Bacteroidota;c__Bacteroidia;o__Cytophagales;f__Spirosomaceae;g__Spirosoma;__","Maize Genotype",10715.066463787,0.37578887047629,0.0597196284579911
"species","d__Bacteria;p__Bacteroidota;c__Bacteroidia;o__Cytophagales;f__Spirosomaceae;g__Spirosoma;__","GXE",25990.0471861074,0.999662118558382,0.144853600937108
"species","d__Bacteria;p__Bacteroidota;c__Bacteroidia;o__Flavobacteriales;f__Weeksellaceae;g__Chryseobacterium;__","Environment",172289.941026811,2.097744765132e-10,0.18337512705157
"species","d__Bacteria;p__Bacteroidota;c__Bacteroidia;o__Flavobacteriales;f__Weeksellaceae;g__Chryseobacterium;__","Maize Genotype",51955.4339525966,0.255174609692433,0.0552982620186412
"species","d__Bacteria;p__Bacteroidota;c__Bacteroidia;o__Flavobacteriales;f__Weeksellaceae;g__Chryseobacterium;__","GXE",206793.670883243,0.537573831154577,0.220098837144381
"species","d__Bacteria;p__Bacteroidota;c__Bacteroidia;o__Sphingobacteriales;f__Sphingobacteriaceae;g__Pedobacter;__","Environment",51425.5423580064,0.00583645495884645,0.0663445163444342
"species","d__Bacteria;p__Bacteroidota;c__Bacteroidia;o__Sphingobacteriales;f__Sphingobacteriaceae;g__Pedobacter;__","Maize Genotype",27239.7410441932,0.800492029637432,0.035142214589464
"species","d__Bacteria;p__Bacteroidota;c__Bacteroidia;o__Sphingobacteriales;f__Sphingobacteriaceae;g__Pedobacter;__","GXE",248117.782734102,0.0446368672433488,0.320098797934886
"species","d__Bacteria;p__Chloroflexi;c__Anaerolineae;o__Anaerolineales;f__Anaerolineaceae;__;__","Environment",363601.261537288,3.15538876243987e-17,0.237495051974764
"species","d__Bacteria;p__Chloroflexi;c__Anaerolineae;o__Anaerolineales;f__Anaerolineaceae;__;__","Maize Genotype",102792.987748946,0.0179092599994275,0.0671417526574603
"species","d__Bacteria;p__Chloroflexi;c__Anaerolineae;o__Anaerolineales;f__Anaerolineaceae;__;__","GXE",414271.778110781,0.00554894408447526,0.270591738483306
"species","d__Bacteria;p__Deinococcota;c__Deinococci;o__Deinococcales;f__Deinococcaceae;g__Deinococcus;__","Environment",19315.8461459228,0.000580177859138979,0.0877852807766829
"species","d__Bacteria;p__Deinococcota;c__Deinococci;o__Deinococcales;f__Deinococcaceae;g__Deinococcus;__","Maize Genotype",10360.4940801097,0.555946907046363,0.0470856350240482
"species","d__Bacteria;p__Deinococcota;c__Deinococci;o__Deinococcales;f__Deinococcaceae;g__Deinococcus;__","GXE",57906.9892141599,0.374201134471284,0.263171557108845
"species","d__Bacteria;p__Deinococcota;c__Deinococci;o__Deinococcales;f__Deinococcaceae;g__Deinococcus;s__Deinococcus_citri","Environment",113813.214061744,1.09744562895657e-19,0.325226681591232
"species","d__Bacteria;p__Deinococcota;c__Deinococci;o__Deinococcales;f__Deinococcaceae;g__Deinococcus;s__Deinococcus_citri","Maize Genotype",12222.5207406519,0.686055154311405,0.0349264353347032
"species","d__Bacteria;p__Deinococcota;c__Deinococci;o__Deinococcales;f__Deinococcaceae;g__Deinococcus;s__Deinococcus_citri","GXE",47476.604832166,0.991310537833448,0.135666660238652
"species","d__Bacteria;p__Firmicutes;c__Bacilli;o__Lactobacillales;f__Streptococcaceae;g__Lactococcus;__","Environment",37491.679697085,5.19220889374974e-06,0.108406341648799
"species","d__Bacteria;p__Firmicutes;c__Bacilli;o__Lactobacillales;f__Streptococcaceae;g__Lactococcus;__","Maize Genotype",18893.91604809,0.234472565368253,0.0546313297974806
"species","d__Bacteria;p__Firmicutes;c__Bacilli;o__Lactobacillales;f__Streptococcaceae;g__Lactococcus;__","GXE",108407.960284866,0.0150683809948599,0.313459158806489
"species","d__Bacteria;p__Planctomycetota;c__Planctomycetes;o__Gemmatales;f__Gemmataceae;g__uncultured;s__uncultured_bacterium","Environment",7829.26196992457,0.00221948199014187,0.0736939554730958
"species","d__Bacteria;p__Planctomycetota;c__Planctomycetes;o__Gemmatales;f__Gemmataceae;g__uncultured;s__uncultured_bacterium","Maize Genotype",6333.7434960831,0.242613388411317,0.0596171916294755
"species","d__Bacteria;p__Planctomycetota;c__Planctomycetes;o__Gemmatales;f__Gemmataceae;g__uncultured;s__uncultured_bacterium","GXE",30870.9305455072,0.124651226935632,0.290576683954741
"species","d__Bacteria;p__Planctomycetota;c__Planctomycetes;o__Pirellulales;f__Pirellulaceae;g__Pir4_lineage;__","Environment",28410.4299661471,2.71758666564768e-05,0.108431648524254
"species","d__Bacteria;p__Planctomycetota;c__Planctomycetes;o__Pirellulales;f__Pirellulaceae;g__Pir4_lineage;__","Maize Genotype",11919.8341014844,0.560192823525676,0.0454934072909019
"species","d__Bacteria;p__Planctomycetota;c__Planctomycetes;o__Pirellulales;f__Pirellulaceae;g__Pir4_lineage;__","GXE",68724.7045073216,0.31614009484855,0.26229567848676
"species","d__Bacteria;p__Proteobacteria;c__Alphaproteobacteria;o__Azospirillales;f__Azospirillaceae;g__Azospirillum;__","Environment",23991.8503492396,0.0238886196888006,0.0501099432840968
"species","d__Bacteria;p__Proteobacteria;c__Alphaproteobacteria;o__Azospirillales;f__Azospirillaceae;g__Azospirillum;__","Maize Genotype",37531.8280258192,0.0305162223714874,0.0783898593207875
"species","d__Bacteria;p__Proteobacteria;c__Alphaproteobacteria;o__Azospirillales;f__Azospirillaceae;g__Azospirillum;__","GXE",163874.399493219,0.00426154690448396,0.342271927541466
"species","d__Bacteria;p__Proteobacteria;c__Alphaproteobacteria;o__Caulobacterales;f__Caulobacteraceae;g__Brevundimonas;__","Environment",23808.4076112206,7.25074919385376e-05,0.100580834570846
"species","d__Bacteria;p__Proteobacteria;c__Alphaproteobacteria;o__Caulobacterales;f__Caulobacteraceae;g__Brevundimonas;__","Maize Genotype",16263.9421733723,0.131309329057924,0.0687085379216544
"species","d__Bacteria;p__Proteobacteria;c__Alphaproteobacteria;o__Caulobacterales;f__Caulobacteraceae;g__Brevundimonas;__","GXE",59045.441647846,0.415391915130389,0.249442965507093
"species","d__Bacteria;p__Proteobacteria;c__Alphaproteobacteria;o__Rhizobiales;f__Beijerinckiaceae;g__Methylobacterium-Methylorubrum;__","Environment",12834.917500278,9.5428290204615e-08,0.145989914732279
"species","d__Bacteria;p__Proteobacteria;c__Alphaproteobacteria;o__Rhizobiales;f__Beijerinckiaceae;g__Methylobacterium-Methylorubrum;__","Maize Genotype",6068.08606264061,0.109364297644853,0.0690210409886818
"species","d__Bacteria;p__Proteobacteria;c__Alphaproteobacteria;o__Rhizobiales;f__Beijerinckiaceae;g__Methylobacterium-Methylorubrum;__","GXE",19382.0525274729,0.627344641387428,0.220459866279705
"species","d__Bacteria;p__Proteobacteria;c__Alphaproteobacteria;o__Rhizobiales;f__Rhizobiaceae;__;__","Environment",91960.8249130162,5.01692037550953e-08,0.134245070173673
"species","d__Bacteria;p__Proteobacteria;c__Alphaproteobacteria;o__Rhizobiales;f__Rhizobiaceae;__;__","Maize Genotype",51388.5162923105,0.0288822653320726,0.0750173237604975
"species","d__Bacteria;p__Proteobacteria;c__Alphaproteobacteria;o__Rhizobiales;f__Rhizobiaceae;__;__","GXE",197166.512581149,0.0287959850156799,0.287825085762235
"species","d__Bacteria;p__Proteobacteria;c__Alphaproteobacteria;o__Rhizobiales;f__Xanthobacteraceae;__;__","Environment",37304.9603689054,3.85984344829826e-07,0.135765050747046
"species","d__Bacteria;p__Proteobacteria;c__Alphaproteobacteria;o__Rhizobiales;f__Xanthobacteraceae;__;__","Maize Genotype",8492.01577097057,0.868304059306599,0.0309052453263433
"species","d__Bacteria;p__Proteobacteria;c__Alphaproteobacteria;o__Rhizobiales;f__Xanthobacteraceae;__;__","GXE",73897.8845048586,0.206171000604173,0.268938766874124
"species","d__Bacteria;p__Proteobacteria;c__Alphaproteobacteria;o__Sphingomonadales;f__Sphingomonadaceae;g__Sphingomonas;__","Environment",202735.427224817,1.21021332340115e-09,0.169887691108062
"species","d__Bacteria;p__Proteobacteria;c__Alphaproteobacteria;o__Sphingomonadales;f__Sphingomonadaceae;g__Sphingomonas;__","Maize Genotype",59126.7689192106,0.36732781594688,0.0495468916896583
"species","d__Bacteria;p__Proteobacteria;c__Alphaproteobacteria;o__Sphingomonadales;f__Sphingomonadaceae;g__Sphingomonas;__","GXE",289122.339264608,0.312561032776638,0.242277964625087
"species","d__Bacteria;p__Proteobacteria;c__Gammaproteobacteria;o__Burkholderiales;f__Comamonadaceae;__;__","Environment",319384.37383194,5.95826261231640e-11,0.207764946908487
"species","d__Bacteria;p__Proteobacteria;c__Gammaproteobacteria;o__Burkholderiales;f__Comamonadaceae;__;__","Maize Genotype",32996.9149871335,0.982350522412305,0.0214650523073276
"species","d__Bacteria;p__Proteobacteria;c__Gammaproteobacteria;o__Burkholderiales;f__Comamonadaceae;__;__","GXE",286752.223447792,0.926528326730619,0.186537180156067
"species","d__Bacteria;p__Proteobacteria;c__Gammaproteobacteria;o__Burkholderiales;f__Comamonadaceae;g__Delftia;__","Environment",308211.375941589,5.30064291257023e-22,0.372885594862639
"species","d__Bacteria;p__Proteobacteria;c__Gammaproteobacteria;o__Burkholderiales;f__Comamonadaceae;g__Delftia;__","Maize Genotype",22239.5198006595,0.888799851962562,0.0269061988545807
"species","d__Bacteria;p__Proteobacteria;c__Gammaproteobacteria;o__Burkholderiales;f__Comamonadaceae;g__Delftia;__","GXE",73723.0386365291,0.999997946119047,0.0891928762625339
"species","d__Bacteria;p__Proteobacteria;c__Gammaproteobacteria;o__Enterobacterales;f__Enterobacteriaceae;__;__","Environment",458697.192010892,1.10043361335578e-08,0.159355253784103
"species","d__Bacteria;p__Proteobacteria;c__Gammaproteobacteria;o__Enterobacterales;f__Enterobacteriaceae;__;__","Maize Genotype",176668.645664577,0.183606001752213,0.061376170065815
"species","d__Bacteria;p__Proteobacteria;c__Gammaproteobacteria;o__Enterobacterales;f__Enterobacteriaceae;__;__","GXE",642985.710808911,0.564499507264567,0.223378631720668
"species","d__Bacteria;p__Proteobacteria;c__Gammaproteobacteria;o__Enterobacterales;f__Erwiniaceae;__;__","Environment",235056.02935464,3.9140506548359e-10,0.152666542979174
"species","d__Bacteria;p__Proteobacteria;c__Gammaproteobacteria;o__Enterobacterales;f__Erwiniaceae;__;__","Maize Genotype",114589.337352035,0.015136353775532,0.0744246299226627
"species","d__Bacteria;p__Proteobacteria;c__Gammaproteobacteria;o__Enterobacterales;f__Erwiniaceae;__;__","GXE",478873.988218344,0.00202583096277548,0.311023871647398
"species","d__Bacteria;p__Proteobacteria;c__Gammaproteobacteria;o__Pseudomonadales;f__Moraxellaceae;g__Acinetobacter;__","Environment",121782.134882648,0.000119593984032377,0.0868419542927103
"species","d__Bacteria;p__Proteobacteria;c__Gammaproteobacteria;o__Pseudomonadales;f__Moraxellaceae;g__Acinetobacter;__","Maize Genotype",57050.0838349275,0.558952128067824,0.0406819996837975
"species","d__Bacteria;p__Proteobacteria;c__Gammaproteobacteria;o__Pseudomonadales;f__Moraxellaceae;g__Acinetobacter;__","GXE",492233.054517763,0.00204114317478765,0.35100780966752
"species","d__Bacteria;p__Proteobacteria;c__Gammaproteobacteria;o__Pseudomonadales;f__Pseudomonadaceae;g__Pseudomonas;__","Environment",493158.268255483,2.54789803002826e-18,0.266695899785027
"species","d__Bacteria;p__Proteobacteria;c__Gammaproteobacteria;o__Pseudomonadales;f__Pseudomonadaceae;g__Pseudomonas;__","Maize Genotype",59618.6734065002,0.644561829655546,0.0322412839277372
"species","d__Bacteria;p__Proteobacteria;c__Gammaproteobacteria;o__Pseudomonadales;f__Pseudomonadaceae;g__Pseudomonas;__","GXE",470080.689820139,0.0312113246929269,0.25421573683968
